"sha256","bytes","path"
"309C235E5D7F55DC881375FABF5B67AD70AB766216879ED52211919A9D7CC8DB","2462","main.bbl"
"90C0D260904C5C5AAAF233A8C92FF2C8B3464FE66E49286596DD9E381994795E","27906","main.log"
"99E4180F4B172C1CC7BABFCF8BE92FCC5442B3868F7AAD1D32A13779849E765D","68688","main.pdf"
"AA018D5E677D8C6ECAE93DEB33C068B01AC6050B5B57D47F303166BB750007B4","28343","main.tex"
"A17B6B949C42C58B69A2EB849DDAA9F83533EE9D7E2A183491AB190E848D51C8","1728","qa/ANONYMITY_PROVENANCE_CLAIM_AUDIT.md"
"6C786F502636E251022E05EE065AC6CB0805A202D6DBFCB2FA08D3527E076332","555084","qa/page-1.png"
"ECFA8BD877F59870932240E7FF7B5A80635E1745BC9BB717F6A97708339EA6CB","454133","qa/page-2.png"
"248F25239C81CB05517DE9C2E69539C809A58ACCA27ACB00968CBB77367795C3","555780","qa/page-3.png"
"A80651BE7C5BB504660DF7989C8641C05008DC8C52DE8F034F658DDA3488A9B4","550871","qa/page-4.png"
"18872DD25AB346DB49A5ABE0F48928163D64C4D6F5BC03560597FC3BEA3A1B53","468454","qa/page-5.png"
"08EFA189B5666D5C5CFEB5C1E6E41A061B0A655A8FE32934D6F3CE45869B867A","1115","qa/RENDERED_PAGE_QA.md"
"B936C7F6AF1E173CEB771D5BB430F3652846B759C494E71B674D3071D387AC00","2440","references.bib"
