flash_address_start,flash_address_end_exclusive,byte_count,sha256
0x08002800,0x08003366,2918,006D0831DF5508ACA343C1BFEBD70FE8560F9FFB43CA8F15A21484AC6275B875
0x08003367,0x08003FA7,3136,45DEED38CEC21A09632DE65ED47CCE03DAF522816112F5D32324F959B4B20903
0x08003FA8,0x08004022,122,22A1961FB70031D1CB973341434A9504380E4FC619616E89199856D6E77EDE40
0x08004023,0x0800402A,7,86ECF3BA2B49EA8C7B6EDDFAFA5A85BA9F58C70E362B67A13432A3BF95987FFA
0x0800402B,0x08004086,91,AFDAE6C4161423E63107060EE3987EB3F78BCA8A8A0C8275D435632B767E8E14
0x08004087,0x08004100,121,0B5AB41016A5CDDA1CCD900C7CA2AC1EA259902FF87F50EAC09F708B21B46C27
0x08004101,0x08004103,2,96A296D224F285C67BEE93C30F8A309157F0DAA35DC5B87E410B78630A09CFC7
0x08004104,0x0800419E,154,71D7F7DD35852D8A0A24EE7F2FF1A7F47678F54B58181AC99D1C565E68F95F0A
0x08004464,0x0800446E,10,E6A5548485C5C37533A24BB08ED98F5358AB745115251F8E799C84EE40F2AE3F
0x080044C8,0x080044DA,18,80E969FBAE4532C3667BDF7A44DA849708668BAA932BEA7B8FFBED896DFA3785
0x080044DC,0x080044E2,6,23F5EC37F2B804CC5559ACF4538C48BEF3E454525D1AEC9C3DF88D067FCE351A
0x080044E7,0x080044EA,3,4A90272054B56A8D7F9FA5F460FEB9F2E836E34C7F96D990F3387FCBAEF6ABFC
0x080044F0,0x080044F8,8,A6DD93CB85934FC94A6F9113170A5545510025F779DAC3417997A127D865C663
0x080044FC,0x0800450E,18,A38A66645CB18637AAD059B8ABC1E4248F840D075C13D7968F2CFA620067B86C
0x08004510,0x08004512,2,F0113E291A7D17234E6A4E23C3426A87089942F9119BD99A8D371B30EA73134D
0x08004516,0x08004518,2,4EB9D2F69E57ED15FE38C854A045B1AAFADDAC14CDCD1C720CCDB7870EA12A2E
0x0800451C,0x0800451F,3,E31AB21E9660050AEE41107BDB9A69FB059CF26A3E4A40FCCF4C11AB14B13BE1
0x08004522,0x08004528,6,1DF55D5B38F9FCF4EE144DCA58189950D7A6FA6D2DF4B603C74FD847A51BDD77
0x0800452A,0x0800452E,4,DF1C224DFE4D0997ADAB85A596E3BD15D280C632D854C62AF324E5C7C0B3DE49
0x08004532,0x08004534,2,0123DDE8F1D9B24B34F0393F5F9E14C694CCC484F0869CF61F937BE3517F0444
0x08004536,0x0800453A,4,C2CCE4DF434000999DC07E1E86BB72CA89B4260A6DE5D675A877AC2CB7B4BC7A
0x0800453E,0x08004544,6,0057AC36EE58CC266727501AF22431BCF1DC067EF88CF8FB7CF956F53AF9B59D
0x08004548,0x08004549,1,2EA970FF63AEC5D7A014CA6447EC743D3BA37450B85EBDCBB582B089B0194FA2
0x0800454A,0x08004552,8,1FD5739E959FD2980B97CF04244916FAA2A6FD3621624B5D48F36041569D4F4F
0x08004568,0x08004584,28,A34D15F4A0CF2B6B75404249C407F1C5EF1113EF08CA0BEEF90358D6F6055BA7
0x08004586,0x0800458C,6,D7FBD5549E66232A9AB9BAB230B2DFEB6C05C50A79BB0FDB316B09626ED14288
0x0800458E,0x08004598,10,772EF4C7F63A919761D8194D6990B78F75926710343AE45326BA5C3410FABAAC
0x0800459A,0x080045B2,24,456BE783C83C387BF9EC94E877573DE62ECAAD55786259DBC3923F31107BD967
0x080045B6,0x080045B8,2,CEB827AD3D3884FD4D50AE6099D6D50C09A21E72EBD309708E8B69D93DF19E55
0x080045BC,0x080045CE,18,D899A032BA45D87A681E89C4F67D12C3BC54B64FB8605CDF3445F838DBE5A484
0x080045D2,0x080045D5,3,8385AC390F00ED78902060591D13E50061413FD94ED12F2D96B151E2DF81C61C
0x080045D6,0x080045DA,4,0614D34638E53C3945EE8064D01959370CB77091D276E4A5A1CC12C296FFC9CB
0x080045DC,0x080045E6,10,76B243D715518251D930B70F8F3BB34AF3E7D09F7B2C262790AAA73A87116E45
0x080045E8,0x080045F2,10,EF0F14BD5BA02F61C4564F742A3E0465BEE2DF245DF3FD7962A8BD2F17486EB4
0x0800460A,0x0800460E,4,038B61781B336481D827678809DA62A9A55EE16234A30DC30A367DD489A4918F
0x08004610,0x08004613,3,1BDEE120C5A995118718F95E5550A8788B06C5C6B50E04784A515780718B3312
0x08004616,0x08004618,2,6D40FC4D94C7827C30C74E9759FB17A0929B96879D2C01E61D18D0D817C637E7
0x0800461A,0x0800461E,4,5B884DF57DB5D56BEEF2EDCDA6F72C9A98E8313E6D21DE6C962A3115610F1B38
0x08004623,0x08004626,3,AF7AA7A5FECA9BB05692708A5D59AD83E53BE3127FEAFE322E3DE6E86611E8F4
0x08004628,0x0800462A,2,0CE0EE4AF19BA7A6BA4FD24B3513D1513AE7270E7673828DF66B1794EC5023B5
0x0800462C,0x08004630,4,2D6D9F37D5DBE664E438EA244E1996237F7E0003C65257A4DA31E5B5F9C6E610
0x08004634,0x0800463C,8,DB18336A656B6BE970209AC7A71A240CB2AFED44A495777ADA0805F19C14F614
0x08004640,0x08004646,6,1C971CEF044677AEB739E0CBD3C66645741446996749EC9A7B2A6F4AB103B7E5
0x0800464C,0x08004652,6,47C7BD1FD8E7254BFDB296F6F36FC7177E11076B53312442CFE9CA3C4ECF54AC
0x08004656,0x08004658,2,B9559017CEF18A438E5CDCE6128D6B76B6FDDFEA08246156B843FF76C9DED7D3
0x0800465C,0x08004662,6,BCAE605B584B998025F306E00997DC346748FAC2A94E7B00975E4599BE8F485A
0x08004664,0x08004665,1,2EA970FF63AEC5D7A014CA6447EC743D3BA37450B85EBDCBB582B089B0194FA2
0x08004666,0x0800466E,8,E4E6C813E5F60A0F13F6BF288EE2EE42F9488003DE09FB13EC12E36B96CD467C
0x08004672,0x08004674,2,CEB827AD3D3884FD4D50AE6099D6D50C09A21E72EBD309708E8B69D93DF19E55
0x08004676,0x0800467E,8,79CE0B0FAC9F8EBBD923176AB2BD57CB33D5D8CD0397DCC920E55592BC9113DC
0x08004680,0x08004681,1,2EA970FF63AEC5D7A014CA6447EC743D3BA37450B85EBDCBB582B089B0194FA2
0x08004682,0x0800468A,8,96CCB95EE5FC2A184A9E2C8C89E3284941DDB16B2C6300C589C53A951311452E
0x0800468E,0x08004692,4,A848CBD3293967E672B164B3FA47144C9026AA90E11012B2FA81D391B2567855
0x080046AA,0x080046AE,4,675DC6E32F03109DB3950F4F0620B3D913440BF726D9F857411BCEC9A9E4465A
0x080046B0,0x080046B4,4,85D36FA52300968544107E001F9C3B05EEB7EF18CF6092BB5B38CD74C8F6B110
0x080046B6,0x080046B8,2,ECD2A31E73557F03D19FA6BC98C5974EA92FD12B2C3F785A45FC18250F8D5ED8
0x080046BA,0x080046C6,12,C92D7DAE4D6E2BB092E8CD2A923F354A20A132AB20930BA662F68A6E610E5B8B
0x080046CC,0x080046D0,4,EB1D2A81F930B61210764476E8DAE6C2C436806025C57C19D1A4FE9B159A5356
0x080046D6,0x080046DC,6,68B0921368F4D5E86FBDA4AD5C095292B7EFB5863D2593AAE47D2C13000BCFF1
0x080046E0,0x080046E6,6,8A901CCB23894E44BB49D57EF9E18414764F18E76F3D1918B19FA6C889BDD7CE
0x080046EC,0x080046F2,6,3E6D0A38B27DDF7C0D9C94E2BA0DC686A90F4E44249F0E9FC362598598B7A0AA
0x080046F6,0x080046F8,2,DFE723287138A4A768608A3A78E4C5A583C2D2CB0B1B2B5B8616E599F8A0F572
0x080046FC,0x0800470E,18,4F1042D8ECA0A5F2BD756E7C385A79F1A79F88118ACD5D8B0A58EB310412C9FC
0x08004712,0x08004714,2,2921A11F25DADAA24AA79A548E4E81508C2E5E56AF2D833D65E2BCCE448CE2F5
0x08004716,0x0800472A,20,5A86FE5B6C10672F54E575E42DC28F244A226643B50BDDFEF9D27EBF026F8695
0x0800472E,0x08004732,4,41F600D99B7099D46D201A4F02290C334040591E6E3D29D331139F235FDCDC6E
0x0800474A,0x08004766,28,10E6C368AE22719FE42F35803837BEC7CF5A8C8EDD79DB686E9A25F7636EA72B
0x0800476C,0x0800476D,1,B12DC850A3B0A3B79FC2255E175241CE20489FE45DF93FF35C42C6C348DF4FBF
0x0800476E,0x0800477C,14,E5ABC25C685A73A42A312ABE6051FCFC87909B904A97110264284F9916799B63
0x08004780,0x0800479E,30,893BA6AB643880725D394520A2FADF7DAD4AAF7D0B3D3E2162DCFCD4AED14944
0x080047A0,0x080047D2,50,8FA88FAD2DE9641871BDE573C124B98981CECD727E8A7D1C7E5024C4D8C2D300
0x080047EA,0x080047F3,9,1B6E756CD027A633BCD84E758C21E6FC7F6E6375F9A5F51275FD27523ED54DB6
0x080047F4,0x080047FA,6,72298A5FC1550F73FEF3361766D2117BB312B2C545972095C30B08D3267BE1DF
0x080047FC,0x08004804,8,451BF606C96B611CEAE811EC05CC150F28A78A129FA477AFE4A183EFF6967779
0x0800480E,0x0800481C,14,426F1A0B791B088EA8C32A6B8A4982C205FA0617318755502E2A0622806455B1
0x08004820,0x08004824,4,224B3E4D3898C0774E936B1E4CEED6D1D6A73AC4B03FB7794DB7E580D88002A1
0x08004826,0x0800483E,24,07DA3089EAD00C7CA4551B850E85C046E3B9C5EE0BD59EF0D210F1E895A7DEA4
0x08004840,0x08004848,8,847F32F1D57B8F9C77245A3254CDC0380B8D3B2C3FA27ADAAF670EC8A42DFBBA
0x0800484A,0x0800485C,18,1B557284483DD93E684379AAA9E22E989AE1F35C4464DC97EEA6B11960CE0D0F
0x0800485E,0x08004864,6,7219F4A0E8FEDC1CD8B53688FEBFBFCA94EC4D7D514D2CCF8B484D6AF59DCFAA
0x08004868,0x08004872,10,4B911D139944796669C12347EF81E09ED67BE345181C2CD4D050D7300F8E07E5
0x08004888,0x0800488E,6,8C8687FB61890B71A78AD7BA5B507E63636BA53BC5D732C145B671529C4E8DAE
0x08004890,0x08004892,2,EAD8C467F2EBBB42932541C73D5810D3C16732E16ABD77249DF79458B6098C9E
0x08004896,0x0800489A,4,65ABB0F22400671576E7CFCB52B8D43FD759F69B476FFF021CFC4CFC8D7DE0C4
0x080048F6,0x080048FA,4,175BD96C6B0069E523A3BF64A129F9BBDA15EF36B6A8B2BDC540A19A888DBA7E
0x0800490E,0x08004912,4,31B51BF7B4200B05271C943874D7B3A0BBC7C5DCD50F69C8F59D0F9319330FEB
0x08004928,0x0800492E,6,84F6E62C5788EE06212D01AC0BCE0FA35CAA313774844635424A1B725553DF50
0x08004930,0x08004932,2,5153CD5F0AB2199E08BCBA91A9B031D3F7F90BEF67B2F1AC4565C2A6DABDB665
0x08004936,0x0800493A,4,1742A0646F0041486B73879C888DE426A22571F9D398EDE6ECC7278BB5829E45
0x08004996,0x0800499A,4,4BD9FC1E6DDD07EBDCD3091F8B33C6194537659CC3BEA5D10F984635FD985BAC
0x080049AE,0x080049B2,4,BA1CA70D1B8FE8E0F94AE03DB614204FCDF355016121865DEE36901251EFF365
0x08004C82,0x08004C96,20,BFA1F306E6262FF8C7AC6241AC10ECC2F841ED692254C09838D47966D83E6F3B
0x08004CA2,0x08004CB0,14,432934C22E1884E8973D2BE243FF77DC3C17712FB0B650E1AB6208351728820D
0x08004D24,0x08004D36,18,0A18D8535340F4878B6358380D9EE33C024EEDD0830C6615F65535412186D283
0x08004D42,0x08004D54,18,ACC2B81F5FD76DB5A088B652EAC915D66266CA405877C0BFC7380D7FD44D1A1E
0x08004DC6,0x08004DD8,18,5CF13B66D82C1AAA0A327985C32C68E8E05DEE276955A8A19B8F13619E16BC00
0x08004DE2,0x08004DF6,20,AA7D635750FBC7234636F36A8C3FD4B103CC2D3870CDF5BFD92F9444EFED4A05
0x08004E68,0x08004E78,16,7DCA20941F266A7F55263EED06003FA67CC3558853927666427E83AC01FF80B5
0x08004E84,0x08004E98,20,7E7CE08ECCF03F32E5C77517873ECF3ADCA6954E75CCC6EBA11C7BC1722DF5FE
0x08004F0A,0x08004F1A,16,19E0EC1BFD2A15608BA535B5263BA2FAF4AFC1BDFF35C8E9CCBB4E71257B1CF2
0x08004F24,0x08004F38,20,363A5BE66C47663D56C2E9D172A3ACEED041A7A7C04218199DA0DE1404E89FC7
0x08004FAA,0x08004FBA,16,516EF29D60C992BF40D7A9CDA16C14E8340DFCF62B3A71D027961FFFB1E3ABAD
0x08004FC6,0x08004FDA,20,A27EB70D5EB526D77212A83E9C8FCF5FF29B1CA95B1F1388364665149ABF29EB
0x08005010,0x0800503E,46,41E34CB74D1EBA5F449BE9F424137EA13D470397AB02C8A17685AC27605A67A0
0x0800504A,0x0800505A,16,837B0359BDEB4F243D8388D1983C53B0BAD13509DB96E012529A3492CD625DE8
0x08005066,0x0800507A,20,A318276B79713777F61FC5B4D1DC4EB5395EBF685FA820CD61EE0DD9ADE5469A
0x080050B0,0x080050E0,48,7EF803856651F480909E7F73033E415EF795E161ED69F54A9D7B8AFD9B660D9C
0x080050EA,0x080050FC,18,8A385FC0888AD187958226A31DC8C9FB80BAA6313DD7CAF5718884FD2B867378
0x08005106,0x0800511C,22,D83632491BA3728DBAEDFF2DD97FDC482384A12A5BD3B62060D00FA9DD0BC874
0x08005152,0x0800517E,44,8A016FE606B9A167F8CC0E8AF60C7C937800C4DDF9D8A4748FE8BE7ED686A9B6
0x0800518A,0x0800519C,18,53A1D00C1617922523AA8E6A08AE7CB6C62CB4F9477DEC4A1D9BA14F2ED95BFF
0x080051A8,0x080051BC,20,205B1A9120E3033113D7A0B622DFEBDD3A914604A46F4A080B9FF314F6FDFD3A
0x080051F2,0x0800521C,42,5816F2BF5FA00A919188EEEAC14A2D120A250FB23EA4E36062560E0A94E75250
0x0800522A,0x0800523E,20,8607F39A738DF4671079D269B705E13D3BA5A9216DFAE3CC254537FE82B27562
0x08005248,0x0800525E,22,1DA8EA137ECCBAFC56B9455AD3EEADFC5628F8C164DF2D1698212AE02302C00B
0x08005294,0x080052BA,38,0A2D00EA6C6B6D3CF008F397ECC8E9B8CC673EB1197B1C0AAD19DA452E807BAA
0x080052CA,0x080052DE,20,FA95E30EC16C4AF55CCB3C5C4306B5196920F9828821A9B8CE45556A9DA4B403
0x080052EA,0x080052FE,20,8E2AF9EA7C5CEE69785753AFEA2AEAB1650428155D318F13D23D4B684722D783
0x08005334,0x08005358,36,C9D003195F1BF84A678879515F783AABA2AE1A58E538C14FE8E33B89438C3770
0x08005368,0x0800537E,22,E9C3BF1FE1D2729056C0F50E56A696E7B993002D075F2FC6085A632FCB7B7101
0x0800538A,0x0800539E,20,AFC05108AC821B31D4D0A5846248383DA290D46BB698E773E5B8A1AD18D730D1
0x080053D6,0x080053F6,32,8442B2A05CA91D0A65734F1EC294D874214E48532647AF1BC62B91782889C243
0x08005406,0x08005420,26,169B179EF519876E16C308B5DFF0C1A1FEB389B6937FC8649171EBC646690887
0x0800542C,0x08005440,20,FC4FB557CFA3A002C09837A7B92461B7A6E78A1B28866BF956A7D9EF0588FA07
0x08005476,0x08005494,30,43AA2C5004278EE7352EA528B285826287715994BA8BD9E68D06A38CF249A552
0x080054A4,0x080054C0,28,3BB50438B06076B40BB4D742220422CD5EA4DC4C49E8F88DFAC4B13C11B8C271
0x080054CC,0x080054E0,20,A3FE3BD2D289B40756FE585C7F2E6238A2C5DB4E5B997F70BEF4AF8496D3806E
0x08005516,0x08005532,28,AFD77168BFE165ABA3184687B15EE1314D953414CBD50DEC5E292D64A0EDCAB0
0x08005542,0x08005562,32,3D5C5CDB9071930C38CEA030EAC048CA7B4668AB99AA028904577150C9CEA966
0x0800556E,0x08005582,20,4F469D3A0D93227F27F84536B618E0BE99F0D5BCC1ED5B13960B9A10B2DCFBC9
0x080055B8,0x080055D0,24,9966A139C6A24E1E2ECBF3974B394B79D25215019A67BA07F78A214741A9D2EF
0x080055E0,0x08005602,34,5B3A4A16A8EDD584A8A0CC0DEC9A462131D46301C73367C5A0642E9F62292468
0x0800560E,0x08005622,20,180570ED525ED20BBAF678AB6E8939AE40FFEB69829915DDBD1E4558496C8D64
0x08005658,0x0800566E,22,F8EBF7D1F9C83E6F631F6B15AC4BC4FBC41F0E1840D63E358AA1DC201EC30D57
0x0800567E,0x080056A4,38,09EF0118D7D049F5C78F5DB47CB7F49317BD6C3E8293C62B6754E6746F7A1077
0x080056AE,0x080056C3,21,33240E78A777DFC5D10DB426E3FB3BC9D1871558030157F9F2EBCCD81DA4D1CF
0x080056FA,0x0800570C,18,1EF52F1CED4B2BC5EF8339E082A33270540EFA57844F0D3CE69F24B549C907A3
0x0800571C,0x08005744,40,FB5F27CF63757689B24955FA59E4266E20061BCC1E5FBA9DCB9BC2402E740916
0x08005750,0x08005764,20,B31FEFB07DE942F659461EF0DCD9B75BEEC26FB73B103496AE7EBC1C81662C42
0x0800579A,0x080057AC,18,146E90EE9A49C62E3F19D2D94357F3E93BDAFD8D016DF8A44679AF925A8F5479
0x080057BA,0x080057E5,43,F7A490A482EC445E528E65AC14C60617612A9867188D5CF1399017A038AC863A
0x080057F0,0x08005804,20,701C471665DF5E67D49893189B7BBF969475FB22E29E968D6EAE612B6B24E698
0x0800583C,0x0800584C,16,1C1745587BE22FD2650C87EF347A739432F6A4947A740E6262DCED384FE8EC4E
0x08005858,0x08005886,46,FDD3D89C1F611BDDDE2615CDD9CE510B76A6305B9E98D6286B6EE07C89DB5E38
0x08005892,0x080058A6,20,1CA6F8A54900D18B6B2132DB0FECECA27D11E54D8BFAC1DA938E1E9C260C0124
0x080058DC,0x080058EA,14,164797C3A4AD17A0ADB5E4193B2038D73F1F6D1EFA13218F391BBEF579D9F9D6
0x080058F6,0x08005926,48,747649E8559743D6F8DB3A82034653B7CD4E46E660E73118BE231E0B5EA5120D
0x08005932,0x08005946,20,50FD41F008A8733BB0D5A68CFAC6DF237BA15546748920E5866D3E31432B38D2
0x0800597C,0x0800598A,14,D75B147F663477994CB3A9A30090024B39132A57E39B0E7EBF49E9AEF3280D06
0x08005996,0x080059C8,50,B65523A38B1613B6E50A6DC40D5D766CDBCB7EAD47403F6FA70201704076FA5E
0x080059D2,0x080059E8,22,FD6F339D62B9A39D3B8BABD98449CDBD93796D7710818F32AB74672299D94A8C
0x08005A1E,0x08005A2C,14,4F04092B052A754AEBA26FC05D50AAB8DE2031FD0CE5A079BD6D1A706DCB6CA7
0x08005A38,0x08005A68,48,28FF3F61C79BB7609116E701241069D44A64EA3B41BB5533A4AAC423425D8A1E
0x08005A74,0x08005A86,18,0EC4BED6C76DF3D281F990A1E4827098763EBD817C438E55580DBA001F975011
0x08005ABE,0x08005ACC,14,393E0C8857A67D58CD8C710B1B612C83B666F0E3458DFE5E6E3341C504966140
0x08005B60,0x08005B6C,12,CB8976BBAFE684FA98A0F9B576362BE6B2FD87B2C12D6AB515E58A06960ED0C8
0x08005C00,0x08005C0E,14,2C316CEBC9BD421C984A8D838E41D0DB408F30C9324F2C358FC6D8E05F5382BE
0x08005CA0,0x08005CA1,1,2EA970FF63AEC5D7A014CA6447EC743D3BA37450B85EBDCBB582B089B0194FA2
0x08005CA2,0x08005CB0,14,AC33A2819111705534A6108E3DEC1712BDEACC4FF9E977A51FEBB0F16BF347AE
0x08005D42,0x08005D54,18,6294868A514FDA7AA1E5295DCB4D65CA0106BCDDE540262D7772DA609A16A47F
0x08005DE2,0x08005E4E,108,6947C53697B7A9D909FC0ED290D950451FDA24C2CD90BF3ED94AB4A4EE51A6EF
0x08005E84,0x08005EEE,106,8F8750CF0A67DD1CE0BFA2DFF176CB4A797AD200E35F33DCB80FC974F298DD26
0x08005F26,0x08005F8E,104,4356E9D7B7860153701CDC70BCD920AAE0B0BEC2515DB2B14CE592CBD4F0E70A
0x08005FC8,0x08006030,104,68078AFD0C897CC4F5C4780638F8703006C553AE7D4B3123BA233C56C5B78DBF
0x0800606A,0x080060D0,102,CF8544E4EEE1A5AF39AE999D0FB13151DEDD2CC25A6B13F10BBDBAFB5B7C2382
0x08006110,0x08006170,96,918B01DE18F816909C738F0E6D8F10D8C8C76ED9EA7B7AB1F00BF66D21F374BB
0x0800653E,0x08006BBC,1662,72064E501490F487D74491CE528CA70C3922F070A3BDCBCAD0FE3C83298F78DD
0x08006BBE,0x0800700B,1101,D174015573B72E2B3263EAF3C3A150D3A40E33FA8F9454FDA9B5BC612F3B0CF0
0x0800700C,0x080070F8,236,9AFAD6118000F781DEA14A0BDDB996718BE5FC260C32CE12B7312465EE7FC75C
0x080070F9,0x08007132,57,8E5B5E85C6D499C400E66C7D276B550219C3FC60B92E59B6FB8B99A9692AD6A2
0x08007133,0x0800717F,76,5C1021B15C1FB4B460815A549BB272389C88955D938B298A4F2840EF799065EC
0x08007180,0x0800723A,186,051B681A66E3815818AB7620DB592E92AC30182B584AFEBB4464DE322A1B15DA
0x0800723B,0x08007428,493,01C67E5C45183E2724447F558B6AEAFDA394EAA8A9E8689F2AFD39652973802A
0x08007429,0x08007438,15,AD62DB682D5B186E87638EB4CB52DF28C53669B7D98C0115D055EDA7509C8051
0x08007439,0x08007442,9,25BD3AF0AD5804632DA1BADBC67521B9A2A2C96370EED5EE8D80B110494AA687
0x08007443,0x0800744E,11,DF50CDCA49F185F16905AB045BE40C79176F123965F6E96D49E65EB321BE9819
0x0800744F,0x08007462,19,F717F2E840608F9C1FABC5B60B8FEA76BB1741208975EBB62C1EAAA67741702B
0x08007463,0x0800746A,7,45E773BD88016DD907F0C3FE50E91454CB7DB666B1D7135383106BE6C7B15096
0x0800746B,0x08007476,11,E1340E32320885F31DD255BC18EF503C7251EF709701592752468817E301FE2E
0x08007477,0x080074A0,41,4007C65E5D8082DC210A061AFEBC45935E88B3F8BEC52BC6055A0D805934816C
0x080074A1,0x080074C0,31,6C47E9F903B29A8795FE475ABF279D692E0B81B0BDC6C8B2C3362F34A3B05027
0x080074C1,0x080074E2,33,904980698DB903F8B8A12103D8C81785F03E91C433AC8049B6BEE1F4A3D6150C
0x080074E3,0x08007500,29,23057BC966B041A232C4FF9372101A1771C39F4E154793EC655AE104664749E2
0x08007501,0x08007524,35,BB68330BB0FD123A64DD05B67B4A4849F82CF8561F2640B77EDCF78A85DC1AC3
0x08007525,0x080076AE,393,CC96C24E09697CCA0A203D452654B56099DD49DE3F3BECDCAF19EFD67A7EBB6D
0x080076AF,0x080076B1,2,9E7373623A27638A947FAFCEF5ED9C6907D3FE2A981642BFBA66E76C3D65D873
0x080076B2,0x080076EA,56,1E8CF9142F5B2E6458759FB16BE1A373A321035451521EFDAE6AF28B50CAC3F3
0x080076EB,0x0800777E,147,5124DD25B485407E7A0FA2AC03D56F932190BFB989738D0D6058AF9433161373
0x0800777F,0x08007781,2,800D2985E0ECCAA8FDF5EDD52A91B3437E60C9F35EA0DD9A63CAABE775550D59
0x08007782,0x0800778A,8,DBBC95F34E0434B2628300274C74832BB4D26633FBDBD08916079D1C41797427
0x0800778B,0x0800778D,2,49CDCB49BA697D51556611A69D44486D5C48380990515A23168397205E608FDA
0x0800778E,0x08007796,8,A36AEB56EF0D5FF1C9A79CFCA68464F9E64A5F221B139C4359B40CDDA004AA20
0x08007797,0x08007799,2,49CDCB49BA697D51556611A69D44486D5C48380990515A23168397205E608FDA
0x0800779A,0x08007910,374,78E92035BEE7D8993660DC5237BBDA38D7234C4842F0C88AAAF5CAE3F297A1A8
0x08007911,0x0800792F,30,3C0CB5D4E15FE164DFF0F21592F7BDF290AFDC4BB3AA52F23C008D13D9CC8EAC
0x08007930,0x08007937,7,CD949E28133F11E68650490B4203FFD7F681BA17B2D24780599829EB2984EB39
0x08007938,0x0800793F,7,D386F6199D38F9285D3027C3CA3E6160DE286F9FE5A17704394ABC599CC89FEC
0x08007940,0x08007953,19,D9E126A643C8FFD732B8CEAA5CF761C8CC5990893BCAA5078A98AC556AF6AA6A
0x08007954,0x08007959,5,CEAF6EB22EB584F821065D7833D511F66176E623875714CAAB204290CBA0BC83
0x0800795A,0x0800795D,3,98A4BEF0F0E6E0E9DD7FD642A6BA3877754CB1EC3A4BB2904AD8A9ACBB023857
0x0800795E,0x08007A1C,190,9D351AE1DA9F63761470AB86B00D4A7163BCBF8815E8F0B4AF25A6E974CD1D69
0x08007A1D,0x08007A28,11,630ECA76EA2888A8DFFE75DAE77A7D75A83A3DE7A4FDC1AFE27F48D42A6C6B53
0x08007A29,0x08007A62,57,B3C767A27503854BC93C53655DD621CA8D254E655C2741F664983563220BD30F
0x08007A63,0x08007A6E,11,F1ED69FA1339A4C72A9959BB07588821A4487E159A6FB4AF57B7C29E635EE202
0x08007A6F,0x08007B0E,159,EF6B96907AED3C5EF3F4D597E02F4E71DD3979D167FB851E6DDBB1EB7A0244E7
0x08007B0F,0x08007BD4,197,6A0D5D7FFE7338CB0D44FFE3E888E68D28135E681A5851F460984B9BBEAD93B8
0x08007BD5,0x08007C08,51,A25D90850FF55E2562A2444FD6B635A17A065CCF5343E29F069471F16BCBB27C
0x08007C09,0x08007C14,11,3D8C41E17E2961A06DA922B55845EBDEC5FF52CA13E56BE5A6EAC46DB7587CB1
0x08007C15,0x08007CBC,167,03149FCB0DBDF7EE7B501D4C4D4AE5C990D6EA27B2E154BE844A2AD8AAF4DD9C
0x08007CBD,0x08007D1E,97,7ED5D0B4106A4A190CCD421D2AB2112F21D91ABF2EE0F6CB7EFD2DFDCE4ED750
0x08007D1F,0x08007D84,101,E08B7860B60BD751EE72BCC72C613086B99692BB771F23391B1B42B39FD55538
0x08007D85,0x08007E16,145,589237497A15858E2A5A94047B1D5626AC4C3095489B1BF20182B7961E7F8786
0x08007E18,0x08007E3C,36,FB557BA6097C0EF411F0B1849E4AA7B5EE011E0ABDDFC7A8FE5E8ECC638D2E5C
0x08007E3D,0x08007EB8,123,E19145262F69AE93AC7CF5409FAF7821644D10EBE34CAD3FF58BA96333D45877
0x08007EB9,0x08007EBA,1,5FECEB66FFC86F38D952786C6D696C79C2DBC239DD4E91B46729D73A27FB57E9
0x08007EBB,0x08007EBD,2,CBEF07968B39EADA6700A5D5DC155BA46BB8110BCA6AD05FC2B5518CA52FFB20
0x08007EBE,0x08007EFC,62,949DB13149A5A3F7454F692D82917CFF9EA024302DEB40F04DB183C40207906D
0x08007EFD,0x08007EFF,2,2A1A3AC574168E60EF451075EBA5BF1A0B6A0265F5D3CB575D975DC86BAD9A11
0x08007F00,0x08007F0C,12,B493BFFC88A85DEA4C7A0394DAF04C2A099E4A5D3EF93E5A04A1D4AE551D1215
0x08007F0D,0x08007F0E,1,5FECEB66FFC86F38D952786C6D696C79C2DBC239DD4E91B46729D73A27FB57E9
0x08007F0F,0x08007F11,2,B8FB6AE4B8D00CF9633362C300CD1D00E21EB4BDDE845ED27E1E92F921BEDB8B
0x08007F12,0x08008496,1412,4C4F5BE6B06849505C326BC1C2D7678218EF63DC127BDA466B2C4ADAEAACEC89
0x08008497,0x080084AA,19,C3AA7422E064FEBAA143B23B74DDACA050C2417210A478DA85BEF8AD54F02AC1
0x080084AB,0x08008502,87,11023FE521722E824255636C496245D731092923097758DE72046EF8BE838E35
0x08008503,0x080085E1,222,0237D450EC283B937EB6EB503C037DB3223FF75F84F26346CE0F22B75F346692
0x080085E3,0x080085E5,2,28DD1D5062C01D7EE578885ACF82B64E96EAD90D58DFD7860F155FAC3331B3F5
0x080085E7,0x080085FF,24,4D88D4CF89DD1F293393A625BF495060DCF1B02DD7791FF54AC92978E8F9DBFD
0x08008600,0x0800860A,10,4D9071C8AA7DDEDFB2F4589CF5B49D3356950FC669CED3C961262C270A269A7D
0x0800860C,0x08008692,134,AA51549ED9606EE69EA32B0268B28D08122B957A3F1E45E4D3BEBCA179F9D3BA
0x08008693,0x080086A2,15,94306CA730F9463DC6D13EC4AB8C010101125F58DE7F843CD314660F7E2B8B02
0x080086A3,0x08008722,127,DCD3E6C1D38B1B36611FE76EE3C25D7610395D61C3E456FB3973D049E1BCD590
0x08008723,0x0800872E,11,A5CC144AFD31637E49A8E000F558AC0E59AD4EFFB5D36151325F1E8BAF2A495C
0x0800872F,0x08008738,9,9E472F59A2CD832F3BCF91510A46ADB232EDF8A394564CF2ACC98C8BFE886A76
0x08008739,0x0800875E,37,A1413722CB7B635FA7812D211444DDB4E301E3C51F032E1F0AD0049CF68E3E8C
0x0800875F,0x0800879A,59,09EE15D194AD3A3F1BB626372E9023EB6B565AACCB1B37866D9E39945C8FC9E6
0x0800879B,0x080087D6,59,D22415FAF186A74FCE1C697A8DB26D59A934C61F6BC374ADCA7C1370177F9DCC
0x080087D7,0x08008812,59,46046C9DF0AD5D74C5F1349217DCB2C993E6CBAA26C9DD2E316D7EB02E20FCA0
0x08008813,0x08008912,255,C3292AA89287A191FF448DD5F5EBA5A4CDC5D711B027598AE5CA412FB60EAF39
0x08008913,0x08008A0C,249,6CF962C4FF9BE8D9FA7ADF6BF0797745D5F29BB1D327C10347A767EAA984A8EA
0x08008A0D,0x08008A14,7,48F4EB7218934A3BC62DF9E591A310D47C33F8EC3590AF6218F9266F638913A6
0x08008A15,0x08008A1C,7,011812478ACAE0F4CEE3846CB47663AC30BDCAECC26E13DB0B6ABA39CBE12DE0
0x08008A1D,0x08008A44,39,352131C4187AC98CD892590FF3C9A1BEE2C023B0252BAFF8029AABEFFC0EF038
0x08008A45,0x08008A62,29,97657A7C1D85E2E4F91EDE32AF77EEA0DC80A46A2ECE422A86CA990C338679D1
0x08008A63,0x08008A76,19,E664BCE3097531728C93386F6BB736CAB5F2422D3D4B4FB85474875ADB505EA6
0x08008A78,0x08008AC0,72,619BE230795ADDE72500CF12AFE509CCEF2B792DA2992D96A3DBB7044AE42EEE
0x08008AC1,0x08008ACE,13,AA7E967C0D90A1F955330859D73D37B654FFB7135D0F8F5E21E52C4CC12086F7
0x08008ACF,0x08008AD8,9,45A83506545D87B3D6A6A524FFC2C25D4242CE87E81EEC97D5B594EE7DD56DA3
0x08008AD9,0x08008ADB,2,2A1A3AC574168E60EF451075EBA5BF1A0B6A0265F5D3CB575D975DC86BAD9A11
0x08008ADC,0x08008AF2,22,52079DF4742DC9702699F3AFA076A4ACE02BBB8A3FBDB25AF6F5F3AEC5FCD2FF
0x08008AF3,0x08008AF4,1,084FED08B978AF4D7D196A7446A86B58009E636B611DB16211B65A9AADFF29C5
0x08008AF6,0x08008B1D,39,08F7D465EFB8BBB926AC91DA12ED02E577017023D5CB692AA7BCA3ADF81BB5CE
0x08008B1F,0x08008B66,71,E44B3A9C5E1807BDBE3B3694C1A7781EF7A0C7A4E48DCA7A2A2C0DBFF8961F89
0x08008B67,0x08008B72,11,4B89E825059A4A1EF7123AADB2F97BB28B0E18104536369AC9B3488619007B5A
0x08008B73,0x08008B80,13,71258226664CAF8F382BBDA3A700225495D75BD049E70E9C02D82330D98BC7C7
0x08008B81,0x08008BBC,59,11C2AE96F64BF84CF403599724765240E6225634B9CE03CDC56339E5F4096342
0x08008BBD,0x08008DBA,509,176D23D7E707289260AFA0B36E7B1646A14AB3F1B00A03EB584875F3FE001B74
0x08008DBB,0x0800901A,607,2206E145238747AE5B6E987FF1F5B0738FB0471AD6F897DB320D8506E663D04F
0x0800901B,0x080090F8,221,7199C4A5518A14B3D1FF8EAB4F0A73E3F4C63E093F5D656D1638E4C019FC3DDC
0x080090F9,0x0800913E,69,BE0CF3B4EDD38E4755AF62C23FAFCCEFF023699138C7775C219DE7537620804B
0x0800913F,0x08009176,55,D6342E9FDA06B450872F80E919F95BBB16CA2376EB84D61165FC9127F0AD0155
0x08009177,0x08009179,2,2287CEFB147BD2EA2A2557309DF43CEEB7CBDC7F125D117657D8F9D6C5BE5104
0x0800917A,0x08009180,6,4D7506C41B1BAAF2F067B2F40C6ED946D2AF254EAE36752B6265632217661B2F
0x08009181,0x080091C0,63,05C99062A0FB1B7CB48C4F56EACA4F78C8DE4D18102177509BE26DDAEEF17867
0x080091C1,0x0800920E,77,D07BD40F7F19BA2C7CE6A80FB891FE0463BADE99DF12F586AE11919AA8B19E46
0x0800920F,0x08009228,25,82271712FB8CB1F374AB134031D813DCDACD6F88B43E84CD5266919E28AEB01D
0x08009229,0x0800922B,2,D35DECC1361FF2F5A2BDFF17FA1012746E076FDE230AD9A6FBBC8DD19CE47C28
0x0800922C,0x0800924A,30,CA717E8C7DBC94668C42B810581AE95016DDC7877207BE9B26F31EFFE7454E99
0x0800924B,0x0800924D,2,994E81D0BA2277176EBFCE79B65B7BFA6B99F5FE3AC0EE0BA837D5E70B7C67B5
0x0800924E,0x08009252,4,F4823351FB98FC3290B8203F20878733612B2ECDC6A7BD656DCE401612152690
0x08009253,0x08009255,2,07671BCAED489CE752AAA2A28A49C320A3DFAE2DC7DF16FB9984A6ADCD1C388D
0x08009256,0x08009268,18,866E872D29DC231DAC3464C4DC8566966BEDA8811AA9A360DEEB12802CDCE5AA
0x08009269,0x0800926B,2,FF5A652856C35E42FF2A244EADBC18B4E8BFD83710CAC6C561BA96310210269E
0x0800926C,0x08009272,6,4D7506C41B1BAAF2F067B2F40C6ED946D2AF254EAE36752B6265632217661B2F
0x08009273,0x08009304,145,71D4C5864BE21C86A131AC471B5596AA6C2228DB3093CAB9443B55FA0B51E460
0x08009305,0x0800931E,25,68F05BF9897DE801CDC34FA0976F4D7B07333886683AF79DFE8C91F0705AD348
0x0800931F,0x08009321,2,2DDD487FEB0941B7E9E400D350EF53737386F79ED3D908156D93863C76DF6632
0x08009322,0x080093A4,130,6E63D70FB259B526315BA6215FE7499763105BA161B789A2484F610B05560EDD
0x080093A5,0x080093A7,2,C57561F20DAD5AE022E65C908A29D372C39CC2759E8791F6633EDD2ADB52AC93
0x080093A8,0x080093C6,30,A21FEFD7D18FD77AF6E248E66F6D8DFF492196D368002726EC518D54D1D2B799
0x080093C7,0x08009404,61,5459D4B778FA2B3A2CFD2B6E2904B7480B35A35DBF221DF2965664E0DA1B0F95
0x08009405,0x08009436,49,35BD7A1CEF3BF8121AE8BFA7AF8113D58CC297EDCE0AFBCDBC3669450283854F
0x08009437,0x08009439,2,16B97F7D07152CDE2008AC8237D251FDC396417ED244FF581D3BF176EAAE0B3C
0x0800943A,0x08009440,6,4B1994BD923A4DB63A51020A9CB5CA3ACDC22998F18CFBEA49BB39BB69FE8057
0x08009441,0x0800945C,27,D52D2FA32B3401CFD268D55861A87DFC38A8221DA64CF2D7E704B5016E084F3D
0x0800945D,0x08009462,5,559657CAFCC16A51665D256A1701150DB6DDEF6CBEFEF930C7F27B388C76AA68
0x08009463,0x08009482,31,37A4068FD027A8ACAEC6E6534E2FB9217F1C1B1B5E0F7CE90A2AFF837798FC53
0x08009483,0x080094CA,71,3FA2194A26080CC963CE7FA7B2CEA74B07790B4BB2F6AC219F43E3D422E29194
0x080094CB,0x0800956C,161,4993214019EBF7B84C809036D6347F94B7FF64E0CA5FF1C8CDD81CC5BE03A0D6
0x0800956D,0x080097D6,617,A8A8F291E440C6964D8EAB1EF744BE755831605AFADA93DEAC647F779C6087F7
0x080097D7,0x0800987A,163,581C0943FB3F9C3486C22FCBFD5893983DF99128D31D0CC2FD6E64E8387F6745
0x0800987B,0x08009926,171,BFEE23A776057472CEFD628B5EE629C977E2CDFEED9F829BE7DAA642CF40ED5B
0x08009927,0x08009929,2,17A716978078354AF77994CC2C5E21957A615B17636D4475672C6AB8E95F3679
0x0800992A,0x08009FD1,1703,EEDAEF4A4170C86D30F2C62ED0FAB43905115B20F46AEA8F0439AE6F2B5E819E
0x08009FD2,0x0800A0FD,299,71921067C9B17AB309CCD19638C9F1AF149CE55456D74920EEF281BAE02ED0E0
0x0800A0FE,0x0800A330,562,56C11407341E6E3EF60618A4982179B939472C0EDCD8076F71B1AC41CA4171CF
0x0800A331,0x0800A3C2,145,0D9CA9E6DC94CBBE0E05E36DE8AF26264F538B45F6FB59F30B15363FC512AF75
0x0800A3C3,0x0800A484,193,F7221C4150E3BCDC5D2697FD0005AD54CCF69DF17231DCC8565EE91CAD4CF856
0x0800A485,0x0800A487,2,72B162CBE9954FC97A39132619DC058A6784167ED1BB9B28C4BB693898147E68
0x0800A488,0x0800A48A,2,C996BC4CC7401D0F5E09384DE9361BDBD27DD798DA75F4C1C2C3106CD20EF207
0x0800A48B,0x0800A48D,2,2287CEFB147BD2EA2A2557309DF43CEEB7CBDC7F125D117657D8F9D6C5BE5104
0x0800A48E,0x0800A490,2,570FDBFF27AFD8E7D90F9C6258C68DDEAD5E27E12463F0D6314D5C2BCF8CD092
0x0800A491,0x0800A493,2,8588FF877C485247431D139AB82C9D149836DD371147CD28405E841319B1E8A5
0x0800A494,0x0800A52C,152,2BAB59FA74C576A93FA7EB87E26CE4ACA93BFD0F0D5AEC6E4912B16BB9E711B8
0x0800A52D,0x0800A53C,15,F914A49A7647639BD372F946B5741E2340E67F4104DFFF745BCFF6FA1B3D0566
0x0800A53D,0x0800A560,35,DF0F9AC59A8BEB4130CB77EE0E2195173503CDAC56B61648D54FCC22FF2C0DDB
0x0800A561,0x0800A5C8,103,DD752785EC9BB596499C4F2E071F91EC93EBD40E2E62A4A5ED4AB79EEF0F6C41
0x0800A5C9,0x0800A5EE,37,6AC479330950778AFFD4C164F382F6DB1F473ED01FDEE162D9B0ACFD80C5BE00
0x0800A5EF,0x0800A64C,93,10221790B1FBFB18C99239DD5BCA50C9A453B1F8928C1FFB3A570DF14F81F54F
0x0800A64D,0x0800A67C,47,B4C6E872450D70FE4F545B92532C6990B94154D645BA1FBE355D9A6FFF86574D
0x0800A67D,0x0800A6B9,60,1CBCA8C3475B3A9318DCD06F8C8E31D15CAF8CB448371D07009D2C1263DD1B9E
0x0800A6BA,0x0800A6E9,47,AC90D1205BFF547E8FA11FEDDFC6106C9EEBC93678267B582A61CF2BD87DCE4E
0x0800A6EA,0x0800A6F5,11,04D27101C8B16CA0074A84AA39E7D3AC34F0B9378398861BA30F95B23343B4A5
0x0800A6F6,0x0800A71C,38,5D045AD7247EC5ECFB302604FD73A592CD5DD765502272CD21B8D861FBC5E2C6
0x0800A71D,0x0800A754,55,CCBF26BE8473D73487B835B84CEFC049F423FC55F03341CCBF94BE07FCA75B92
0x0800A755,0x0800A78E,57,B336223DE8E3700834A0247C10D429B56D917FB393A008F91CC1DE0E526194F8
0x0800A78F,0x0800A7BA,43,B9B036C7E465779BC0FDB3605320F51A04251CF0EEFA892AD68C398CA89E2066
0x0800A7BB,0x0800A7D6,27,184802C53BEE529280A1052B5AED3468F623C8AC32BAB62E6F6370011FEFCF69
0x0800A7D7,0x0800A80A,51,C07E8863E75323A503652C755284F2049AF1C77E2425DDFB52D31692A317D479
0x0800A80B,0x0800A816,11,9A03639B626CC614A1763F5FF89F38D851989DE88A4F9DFA6BC6EC9455215F32
0x0800A817,0x0800A819,2,7CF9E5A04964DB3E4E1F36031039A78905C799E626C906C26794EC30A4352469
0x0800A81A,0x0800A84A,48,D1BA34627C28D9CCF1530BF1F37297A61384FA1C7C35824E567180DD0D76D4BC
0x0800A84B,0x0800A88E,67,71B5E8B963EA89219B45C0986ACA67658E36DE6B5D31CDBC7AD355336EBCB388
0x0800A88F,0x0800A891,2,EC9AABF439BB8AACE6E5A3C482FA529C6C8352008ED2BEB9F87A9DABEC020540
0x0800A892,0x0800A89E,12,8AA4CB427DA560169902E16FA352B94695F2D938C4AEFF4EDB52572A2AA67D98
0x0800A89F,0x0800A8A6,7,A3818E8A9AF630D06C86551628B1F41947E5B3E06C0F15F448B646381AF81418
0x0800A8A7,0x0800A8E2,59,22457038C9F6E9FAD02338D08B929026420AD5E4473679E955189219882A768A
0x0800A8E3,0x0800A8E5,2,43CD7E479655B3B098CFFCE22CA1E925A1A0D20259803AA0269E5E1D6A85BA67
0x0800A8E6,0x0800A8F8,18,D54F442E0E045B0CFD5814D33731FAB67F4B3D1338152ECA21755F01FAA755AD
0x0800A8F9,0x0800A8FB,2,5D6306666843CB5D96F7C299E6CD8A35827EB0C805584A7C5078E12AEC7AAD52
0x0800A8FC,0x0800A908,12,AC591F09A6D2F50055CE97D3F0A0B19EA9CC23E57E1916F92F9C377F59C0FDFE
0x0800A909,0x0800A964,91,410764716662848C25A28508A888855573FE9A93161CE86C6FBC6A088BE6159C
0x0800A965,0x0800A97C,23,FFE8DF58B5CE280AF0B63A59F6EEBC7776C491224786041B93C5483AF245B418
0x0800A97D,0x0800A97F,2,AC99683D12A2FA5443B5395579C2F93BC24570154EA4E0F032F6EB37675D82A1
0x0800A981,0x0800A983,2,B6154CF5CD11456FDF382FDE5326EBA99C83ABBAAFFB6BA6091A11D632087A58
0x0800A985,0x0800A987,2,BA41164DDD1811BE21E535833271A9C1C9E2F8FD0EA359DAA8BF5E5108B1E521
0x0800A988,0x0800A9A4,28,CF21BDE610088BB9078C9E84A6798D885A0CD9AB300452860571AFEA1912B58E
0x0800A9A5,0x0800A9A7,2,7B8C7D63C0827358F6B0A77F9184A90ED48B43CB41DAD4EAFA6681A0886ECC47
0x0800A9A9,0x0800A9AB,2,82DC84C937215B4886E22336421179B0672465E4A42EB4727B914EF72A6CE614
0x0800A9AD,0x0800A9AF,2,AFE96028D55BB7FDD0887282A6381F6BF8E2E7F8036E51328F532A203F89769F
0x0800A9B0,0x0800A9BC,12,418C78377C3ADC2B1AE3373E44FC10D0F37A5B705C133366B87E04EB2785DF11
0x0800A9BD,0x0800A9BF,2,99180DC250087D9BC92D00F735B39502CC2AC906AC168FD9E3FBD1D288946935
0x0800A9C1,0x0800A9C3,2,ABD49EC8111BE1F55319F91A44D26DAAF5ABD7567C169A61ABF6C0B031D4B31C
0x0800A9C4,0x0800A9CC,8,50EDCA07C6B7B6CE7644FB934627DC64AEDD759C5950D69F234FCC791C21724C
0x0800A9CD,0x0800A9CF,2,7592CF4FDA694F25F196860691587BE6B996810C9F4BF7D5530365BFE98C3CFE
0x0800A9D1,0x0800A9D3,2,2680A24C86FDFF0E79E11B3276EADAA4AF799EAF777AA83D173A6BD2C0765A4E
0x0800A9D4,0x0800A9F0,28,0E22F02BDE9D26C30CB7529C5A71991111372D5D8F618F543EA272DC7BB4B3AD
0x0800A9F1,0x0800A9F3,2,9AF1430F2B08C2CE1B00EA62DAC050DD7D2C58AAAAF4E82791D4B187BC9F9553
0x0800A9F5,0x0800A9F7,2,08E4180269446A5D35B617C623C20253719671F14484FA07422D7493BB585322
0x0800A9F8,0x0800A9FE,6,3764C2E4336898B45EA3CFF3DEE30DF2D64D7337AFBE7C82C7DEA202691DEFA1
0x0800A9FF,0x0800AA06,7,E1D9F2A57EBE539646995FAD1D26833704F137B359D03BCA977AFF9EBBDAA6ED
0x0800AA07,0x0800AA09,2,E88637C094F436923E90929E9B62F960965E35938AD44D8E82C02C3948DA4EBA
0x0800AA0B,0x0800AA0D,2,56C88298181CA6CBD054C99100E79202E84BD4A8E9BB8F8D7AEF4C3420B69EC2
0x0800AA0F,0x0800AA11,2,C70C37859452548F753E05A106457B7140EEFAB0FD1F72D19750D7A362E33D6B
0x0800AA12,0x0800AA24,18,77F4200418A1D55A3B886C9E60FA6A8A5A0B6C94A2190AF23F89F63E207F8F27
0x0800AA25,0x0800AA27,2,EF370B7463E94543CC428BEAE1B64250383E134BF5A63A7D02BA006F468F4C8D
0x0800AA29,0x0800AA2B,2,59373BAD78BF977C8DA5A421E2BDDAFFE64954AA5FC05B4BCEBE78B192BADD94
0x0800AA2C,0x0800AA38,12,32DBAE6EADFAD457A8CDF101A51D8D16E396620A83C9DE3BF80453B59245916B
0x0800AA39,0x0800AA3B,2,728608EF4C40DB2C4FF269AACE49282C0A20A11AD8FA4223FBACF1193D281603
0x0800AA3D,0x0800AA3F,2,04E9B22DA31140E99E3866C4888E9AD5A9FDE5103E9ECF05D334B706ACB9AAC6
0x0800AA40,0x0800AA4A,10,FE64D664021BEDA356109BA6B56468D6EF472FE1A44CDCFE51BDAD8DF1F8EFEF
0x0800AA4B,0x0800AA50,5,59B50A09EA5E91344FCD811216CE9849A66986DB9E665080DCA09840351FF6FC
0x0800AA51,0x0800AA53,2,49C6EE166EB24BF86DCC9703374462929EAAD0B89D114E4A013536C8513129C1
0x0800AA55,0x0800AA57,2,C1CAF843BDD97F8938D6F5BEAED10B70031EF7B95ACBD0C9D0E054658D43F2C3
0x0800AA59,0x0800AA86,45,C20C47C02AC1BDE13BAF74C0F7B25722566EEDEB52DB6994CD778F3E773D55AC
0x0800AA87,0x0800AA90,9,DD1E7173BFD0A331F70E3CD3817FA08C6FD92C4A951FD9EDA4ABEB5C68623DA2
0x0800AA91,0x0800AAA0,15,85640D410F1605DB01FCB93C955EC97B1BBA686F49189F9FC135F13C68B878EF
0x0800AAA1,0x0800AAAE,13,3E59BA8DDF2ECB5B4D62E6AB05BAF62460A5B6D549A66E6F92E5929E9A2FFFD3
0x0800AAAF,0x0800AAB8,9,8F2F8402DD28A6CD5F7766D4EEAADB0361575A5894A42173E0159F35C4689137
0x0800AAB9,0x0800AAD6,29,822F777E823777157ED0FD8C815641E5CE3A1B09D6FD5A02104BE4CB3C48234B
0x0800AAD7,0x0800AADA,3,C1083CFD6F3158526F6D11AEF0C88FC0829B70FF5BFE4439DD30B71C1273932E
0x0800AADB,0x0800AB2C,81,9C163531705012B92E28DA62C5CA747029AC25064F02E6FF3EF74D09E37D4649
0x0800AB2D,0x0800AB41,20,3610CC78FA8A65E59D4C9EE6FD7C5C62BD58A0524E75CF89A7CA2AF847E0CB0E
0x0800AB42,0x0800AB44,2,E539B61F7DD9182CDBA32593A9931C407AE3B7900277705599532A20B233D935
0x0800AB45,0x0800AB8A,69,1ECE56F47DAE1EBB2A1DD05353AD0FA8686D899D2D1FB88EEE77D413563756E2
0x0800AB8B,0x0800ABFC,113,871E8AD8F2984C3BF161F49522A6AAE7FFE53C24BFBF397FE0E19C340C562DF7
0x0800ABFD,0x0800ABFF,2,8588FF877C485247431D139AB82C9D149836DD371147CD28405E841319B1E8A5
0x0800AC00,0x0800AC02,2,F908ABB0C983021442CFAB8A7D5B25E066789F2F2EC9084D9A7EE0CB02BA75F4
0x0800AC03,0x0800AC05,2,B46F1F0862F9F600AB439E4814A94603405C7CCB9476659F1DDDEBEF5A21597F
0x0800AC06,0x0800AC08,2,E539B61F7DD9182CDBA32593A9931C407AE3B7900277705599532A20B233D935
0x0800AC09,0x0800AC10,7,72B00042F2839BBFEE687207C7344FD317E847B3D775828EF082FCCC59A11F61
0x0800AC11,0x0800AC18,7,E552CCCDC36229F063C0F629A5DDC646CD3BC70F1C61A5046DEF63BB447118EC
0x0800AC19,0x0800ACCA,177,42060320C98E99C6178F35428D7026F9A9420156564EE0BA487F2100F8AF6EB5
0x0800ACCB,0x0800ACF6,43,5E73C8514BF4F650C73CBC098BD5F93FA99E389C32CAD07784B884A1F6B26741
0x0800ACF7,0x0800ACFE,7,BA7DE132E57AD4505029EB0DCDCB1BE9C11D9870D226FDD84D4E0EE42C938F91
0x0800ACFF,0x0800AD0A,11,AEFC5B60A856DC4B1BE240FC026EC78C695C4EC2D1A37B8AE19DAD96EA91BEAF
0x0800AD0B,0x0800AD2D,34,C2B78ABDB13C412E32A93945A3A04388E13B9856175F96A83AB843F5FE03DDF5
0x0800AD2E,0x0800AD32,4,E58F183C686B7BC1B6F14894A04D17A65ADE683430D03D9B99B5FF7956F4E46A
0x0800AD33,0x0800AD90,93,74AC3EFC9E8DF574EE90E7FC4E6F428F2B9DF604132C9F6FC1C107111F466E13
0x0800AD91,0x0800AD93,2,96A296D224F285C67BEE93C30F8A309157F0DAA35DC5B87E410B78630A09CFC7
0x0800AD94,0x0800ADA6,18,B539D142A1A30C04DF7A0CB4A4375BBD451BB780E3EC518FB9AE21B2AFFA44CE
0x0800ADA8,0x0800AE64,188,283978ACA5D0EF29B178AB15DC52D8DD94EA720623F066C55A898094198A6F03
0x0800AE65,0x0800AE7C,23,FF4007C56C31B96C040C8ADB22D007191D47A03ED5676D8D67BD5AD958D204F5
0x0800AE7D,0x0800AECA,77,F37F0DC0DEFB1BBB26E20382C861AC6FD3EAF1A82AE71A125F7512A79746D0CF
0x0800AECB,0x0800AED2,7,5760346612EB8C80788CC26CE10D218A52A8455E8355A6ACDBADADBA9CD7C997
0x0800AED3,0x0800AF26,83,BF3B9CA6CE0EA49C8C14A80D5DDC99C4036F26A37F0988B64B76A5A554DC1A06
0x0800AF27,0x0800AF2E,7,EFCD5D6CA0457E09FB5357828503BE7066EF3183F2518DE896F765A54CD7AFF2
0x0800AF2F,0x0800AF5A,43,35001D81F2714D4407897AC6FEE485835D327EEFD928E00335BBA7137FA698FD
0x0800AF5B,0x0800AF72,23,16AFBEFD8D55BDA5C9AFD35327BD2DBCE5D8BDD1F51A5C56EB25383E54E01882
0x0800AF73,0x0800AF98,37,43A8960D2080CDD993B481ADDC323268B14D2605802A2151FBA5A6D18592F1A2
0x0800AF99,0x0800B000,103,4EBE3FA768786DDB3F1D3FD9AEF7D53EABA2E6F9A107491F8FBBFFBCEDC3069C
0x0800B001,0x0800B003,2,96A296D224F285C67BEE93C30F8A309157F0DAA35DC5B87E410B78630A09CFC7
0x0800B004,0x0800B158,340,1C4E36728FDE25DEFBF23AEF788D507262915DB24C94D216EF185567BA47F739
0x0800B159,0x0800B16E,21,D72B776FDD1C90EA9357FA2B943F4BF1F5C8545E7D227945F2AD303E00AA7FAF
0x0800B16F,0x0800B1CB,92,93FDED0671978AECC4B86B43D570CE6364CED017B4F25E346F1BD863D255622B
0x0800B1CC,0x0800B1D2,6,22FA5D7D5E8B0A8DAF3CDD2C27E8BDCEF337EA34E6EA514042F9B72A49F8971F
0x0800B1D3,0x0800B276,163,42BCEFCFEBFA8DD3AB68BBB41537A7B43B8CFC9F3ACFD9482999545CD8FC965F
0x0800B277,0x0800B29E,39,D028A0C20A8B04FAAE4D8B1C9BD12136921C716E8027F8313380B3C630DDE795
0x0800B29F,0x0800B2D0,49,5A2BD4E4B12A92781D03BF6516534D900EF21DF3A0017668B96D07F99201124D
0x0800B2D1,0x0800B2D3,2,96A296D224F285C67BEE93C30F8A309157F0DAA35DC5B87E410B78630A09CFC7
0x0800B2D4,0x0800B2DE,10,CEAD63464C44A256C5A1DB1A98E5CEF18B3EF329EF7F522F10794920BF1AF87D
0x0800B2E0,0x0800B3F1,273,726C2B27DD92C282A1448DEAB9F0BD65DB379E7401C4F3DDDF9DD2735287F77A
0x0800B3F4,0x0800B401,13,3D980DDD77AECF5CCE42E82FA4E378D5EB9A4D7F0A3A4928F3391E4A74D9E288
0x0800B404,0x0800B468,100,2EA8C3DA20DDAC7E4AF9A3C67A7F3E2693265708C5BDAB61F45CC2E273B84E98
0x0800B469,0x0800B46B,2,21F4B7B13F941A4926CEEBE00DA607581797748E4F6487D26143C2EA57D28140
0x0800B46C,0x0800B4C0,84,54DCCA8E51F173DCD4F84DEFC07F2E8970EAEA165C0C02909B2C27BFA40864A1
0x0800B4C1,0x0800B4C3,2,13FF79600E9BC1DFC8146FAAEFA404E87282FF48E70B46A5D678F9E2B1F726D3
0x0800B4C5,0x0800B4C8,3,D5D5467413D5D1932747A6C3AC664860F862119CC27AEB3A57D1763F6F2A9D0A
0x0800B4C9,0x0800B4CC,3,D5D5467413D5D1932747A6C3AC664860F862119CC27AEB3A57D1763F6F2A9D0A
0x0800B4CD,0x0800B4D0,3,D5D5467413D5D1932747A6C3AC664860F862119CC27AEB3A57D1763F6F2A9D0A
0x0800B4D1,0x0800B4D4,3,D5D5467413D5D1932747A6C3AC664860F862119CC27AEB3A57D1763F6F2A9D0A
0x0800B4D5,0x0800B4D8,3,D5D5467413D5D1932747A6C3AC664860F862119CC27AEB3A57D1763F6F2A9D0A
0x0800B4D9,0x0800B4DC,3,D5D5467413D5D1932747A6C3AC664860F862119CC27AEB3A57D1763F6F2A9D0A
0x0800B4DD,0x0800B4E0,3,D5D5467413D5D1932747A6C3AC664860F862119CC27AEB3A57D1763F6F2A9D0A
0x0800B4E1,0x0800B4E4,3,D5D5467413D5D1932747A6C3AC664860F862119CC27AEB3A57D1763F6F2A9D0A
0x0800B4E5,0x0800B4E8,3,D5D5467413D5D1932747A6C3AC664860F862119CC27AEB3A57D1763F6F2A9D0A
0x0800B4E9,0x0800B4EC,3,D5D5467413D5D1932747A6C3AC664860F862119CC27AEB3A57D1763F6F2A9D0A
0x0800B4ED,0x0800B4F0,3,D5D5467413D5D1932747A6C3AC664860F862119CC27AEB3A57D1763F6F2A9D0A
0x0800B4F1,0x0800B4F4,3,D5D5467413D5D1932747A6C3AC664860F862119CC27AEB3A57D1763F6F2A9D0A
0x0800B4F5,0x0800B4F8,3,D5D5467413D5D1932747A6C3AC664860F862119CC27AEB3A57D1763F6F2A9D0A
0x0800B4F9,0x0800B4FC,3,D5D5467413D5D1932747A6C3AC664860F862119CC27AEB3A57D1763F6F2A9D0A
0x0800B4FD,0x0800B500,3,D5D5467413D5D1932747A6C3AC664860F862119CC27AEB3A57D1763F6F2A9D0A
0x0800B501,0x0800B504,3,D5D5467413D5D1932747A6C3AC664860F862119CC27AEB3A57D1763F6F2A9D0A
0x0800B505,0x0800B508,3,D5D5467413D5D1932747A6C3AC664860F862119CC27AEB3A57D1763F6F2A9D0A
0x0800B509,0x0800B50C,3,D5D5467413D5D1932747A6C3AC664860F862119CC27AEB3A57D1763F6F2A9D0A
0x0800B50D,0x0800B510,3,D5D5467413D5D1932747A6C3AC664860F862119CC27AEB3A57D1763F6F2A9D0A
0x0800B511,0x0800B514,3,D5D5467413D5D1932747A6C3AC664860F862119CC27AEB3A57D1763F6F2A9D0A
0x0800B515,0x0800B518,3,D5D5467413D5D1932747A6C3AC664860F862119CC27AEB3A57D1763F6F2A9D0A
0x0800B519,0x0800B51C,3,D5D5467413D5D1932747A6C3AC664860F862119CC27AEB3A57D1763F6F2A9D0A
0x0800B51D,0x0800B520,3,D5D5467413D5D1932747A6C3AC664860F862119CC27AEB3A57D1763F6F2A9D0A
0x0800B521,0x0800B524,3,D5D5467413D5D1932747A6C3AC664860F862119CC27AEB3A57D1763F6F2A9D0A
0x0800B525,0x0800B528,3,D5D5467413D5D1932747A6C3AC664860F862119CC27AEB3A57D1763F6F2A9D0A
0x0800B529,0x0800B52C,3,D5D5467413D5D1932747A6C3AC664860F862119CC27AEB3A57D1763F6F2A9D0A
0x0800B52D,0x0800B530,3,D5D5467413D5D1932747A6C3AC664860F862119CC27AEB3A57D1763F6F2A9D0A
0x0800B531,0x0800B534,3,D5D5467413D5D1932747A6C3AC664860F862119CC27AEB3A57D1763F6F2A9D0A
0x0800B535,0x0800B538,3,D5D5467413D5D1932747A6C3AC664860F862119CC27AEB3A57D1763F6F2A9D0A
0x0800B539,0x0800B53C,3,D5D5467413D5D1932747A6C3AC664860F862119CC27AEB3A57D1763F6F2A9D0A
0x0800B53D,0x0800B540,3,D5D5467413D5D1932747A6C3AC664860F862119CC27AEB3A57D1763F6F2A9D0A
0x0800B541,0x0800B544,3,D5D5467413D5D1932747A6C3AC664860F862119CC27AEB3A57D1763F6F2A9D0A
0x0800B545,0x0800B548,3,D5D5467413D5D1932747A6C3AC664860F862119CC27AEB3A57D1763F6F2A9D0A
0x0800B549,0x0800B54C,3,D5D5467413D5D1932747A6C3AC664860F862119CC27AEB3A57D1763F6F2A9D0A
0x0800B54D,0x0800B550,3,D5D5467413D5D1932747A6C3AC664860F862119CC27AEB3A57D1763F6F2A9D0A
0x0800B551,0x0800B554,3,D5D5467413D5D1932747A6C3AC664860F862119CC27AEB3A57D1763F6F2A9D0A
0x0800B555,0x0800B558,3,D5D5467413D5D1932747A6C3AC664860F862119CC27AEB3A57D1763F6F2A9D0A
0x0800B559,0x0800B55C,3,D5D5467413D5D1932747A6C3AC664860F862119CC27AEB3A57D1763F6F2A9D0A
0x0800B55D,0x0800B560,3,D5D5467413D5D1932747A6C3AC664860F862119CC27AEB3A57D1763F6F2A9D0A
0x0800B561,0x0800B564,3,D5D5467413D5D1932747A6C3AC664860F862119CC27AEB3A57D1763F6F2A9D0A
0x0800B565,0x0800B568,3,D5D5467413D5D1932747A6C3AC664860F862119CC27AEB3A57D1763F6F2A9D0A
0x0800B569,0x0800B56C,3,D5D5467413D5D1932747A6C3AC664860F862119CC27AEB3A57D1763F6F2A9D0A
0x0800B56D,0x0800B570,3,D5D5467413D5D1932747A6C3AC664860F862119CC27AEB3A57D1763F6F2A9D0A
0x0800B571,0x0800B574,3,D5D5467413D5D1932747A6C3AC664860F862119CC27AEB3A57D1763F6F2A9D0A
0x0800B575,0x0800B578,3,D5D5467413D5D1932747A6C3AC664860F862119CC27AEB3A57D1763F6F2A9D0A
0x0800B579,0x0800B57C,3,D5D5467413D5D1932747A6C3AC664860F862119CC27AEB3A57D1763F6F2A9D0A
0x0800B57D,0x0800B580,3,D5D5467413D5D1932747A6C3AC664860F862119CC27AEB3A57D1763F6F2A9D0A
0x0800B581,0x0800B584,3,D5D5467413D5D1932747A6C3AC664860F862119CC27AEB3A57D1763F6F2A9D0A
0x0800B585,0x0800B588,3,D5D5467413D5D1932747A6C3AC664860F862119CC27AEB3A57D1763F6F2A9D0A
0x0800B589,0x0800B58C,3,D5D5467413D5D1932747A6C3AC664860F862119CC27AEB3A57D1763F6F2A9D0A
0x0800B58D,0x0800B590,3,D5D5467413D5D1932747A6C3AC664860F862119CC27AEB3A57D1763F6F2A9D0A
0x0800B591,0x0800B594,3,D5D5467413D5D1932747A6C3AC664860F862119CC27AEB3A57D1763F6F2A9D0A
0x0800B595,0x0800B598,3,D5D5467413D5D1932747A6C3AC664860F862119CC27AEB3A57D1763F6F2A9D0A
0x0800B599,0x0800B59C,3,D5D5467413D5D1932747A6C3AC664860F862119CC27AEB3A57D1763F6F2A9D0A
0x0800B59D,0x0800B5A0,3,D5D5467413D5D1932747A6C3AC664860F862119CC27AEB3A57D1763F6F2A9D0A
0x0800B5A1,0x0800B5A4,3,D5D5467413D5D1932747A6C3AC664860F862119CC27AEB3A57D1763F6F2A9D0A
0x0800B5A5,0x0800B5A8,3,D5D5467413D5D1932747A6C3AC664860F862119CC27AEB3A57D1763F6F2A9D0A
0x0800B5A9,0x0800B5AC,3,D5D5467413D5D1932747A6C3AC664860F862119CC27AEB3A57D1763F6F2A9D0A
0x0800B5AD,0x0800B5B0,3,D5D5467413D5D1932747A6C3AC664860F862119CC27AEB3A57D1763F6F2A9D0A
0x0800B5B1,0x0800B5B4,3,D5D5467413D5D1932747A6C3AC664860F862119CC27AEB3A57D1763F6F2A9D0A
0x0800B5B5,0x0800B5B8,3,D5D5467413D5D1932747A6C3AC664860F862119CC27AEB3A57D1763F6F2A9D0A
0x0800B5B9,0x0800B5BC,3,D5D5467413D5D1932747A6C3AC664860F862119CC27AEB3A57D1763F6F2A9D0A
0x0800B5BD,0x0800B5C0,3,D5D5467413D5D1932747A6C3AC664860F862119CC27AEB3A57D1763F6F2A9D0A
0x0800B5C1,0x0800B5C4,3,D5D5467413D5D1932747A6C3AC664860F862119CC27AEB3A57D1763F6F2A9D0A
0x0800B5C5,0x0800B5C8,3,D5D5467413D5D1932747A6C3AC664860F862119CC27AEB3A57D1763F6F2A9D0A
0x0800B5C9,0x0800B5CC,3,D5D5467413D5D1932747A6C3AC664860F862119CC27AEB3A57D1763F6F2A9D0A
0x0800B5CD,0x0800B5D0,3,D5D5467413D5D1932747A6C3AC664860F862119CC27AEB3A57D1763F6F2A9D0A
0x0800B5D1,0x0800B5D4,3,D5D5467413D5D1932747A6C3AC664860F862119CC27AEB3A57D1763F6F2A9D0A
0x0800B5D5,0x0800B5D8,3,D5D5467413D5D1932747A6C3AC664860F862119CC27AEB3A57D1763F6F2A9D0A
0x0800B5D9,0x0800B5DC,3,D5D5467413D5D1932747A6C3AC664860F862119CC27AEB3A57D1763F6F2A9D0A
0x0800B5DD,0x0800B5E0,3,D5D5467413D5D1932747A6C3AC664860F862119CC27AEB3A57D1763F6F2A9D0A
0x0800B5E1,0x0800B5E4,3,D5D5467413D5D1932747A6C3AC664860F862119CC27AEB3A57D1763F6F2A9D0A
0x0800B5E5,0x0800B5E8,3,D5D5467413D5D1932747A6C3AC664860F862119CC27AEB3A57D1763F6F2A9D0A
0x0800B5E9,0x0800B5EC,3,D5D5467413D5D1932747A6C3AC664860F862119CC27AEB3A57D1763F6F2A9D0A
0x0800B5ED,0x0800B5F0,3,D5D5467413D5D1932747A6C3AC664860F862119CC27AEB3A57D1763F6F2A9D0A
0x0800B5F1,0x0800B5F4,3,D5D5467413D5D1932747A6C3AC664860F862119CC27AEB3A57D1763F6F2A9D0A
0x0800B5F5,0x0800B5F8,3,D5D5467413D5D1932747A6C3AC664860F862119CC27AEB3A57D1763F6F2A9D0A
0x0800B5F9,0x0800B5FC,3,D5D5467413D5D1932747A6C3AC664860F862119CC27AEB3A57D1763F6F2A9D0A
0x0800B5FD,0x0800B600,3,D5D5467413D5D1932747A6C3AC664860F862119CC27AEB3A57D1763F6F2A9D0A
0x0800B601,0x0800B604,3,D5D5467413D5D1932747A6C3AC664860F862119CC27AEB3A57D1763F6F2A9D0A
0x0800B605,0x0800B608,3,D5D5467413D5D1932747A6C3AC664860F862119CC27AEB3A57D1763F6F2A9D0A
0x0800B609,0x0800B60C,3,D5D5467413D5D1932747A6C3AC664860F862119CC27AEB3A57D1763F6F2A9D0A
0x0800B60D,0x0800B610,3,D5D5467413D5D1932747A6C3AC664860F862119CC27AEB3A57D1763F6F2A9D0A
0x0800B611,0x0800B614,3,D5D5467413D5D1932747A6C3AC664860F862119CC27AEB3A57D1763F6F2A9D0A
0x0800B615,0x0800B618,3,D5D5467413D5D1932747A6C3AC664860F862119CC27AEB3A57D1763F6F2A9D0A
0x0800B619,0x0800B61C,3,D5D5467413D5D1932747A6C3AC664860F862119CC27AEB3A57D1763F6F2A9D0A
0x0800B61D,0x0800B620,3,D5D5467413D5D1932747A6C3AC664860F862119CC27AEB3A57D1763F6F2A9D0A
0x0800B621,0x0800B624,3,D5D5467413D5D1932747A6C3AC664860F862119CC27AEB3A57D1763F6F2A9D0A
0x0800B625,0x0800B628,3,D5D5467413D5D1932747A6C3AC664860F862119CC27AEB3A57D1763F6F2A9D0A
0x0800B629,0x0800B62C,3,D5D5467413D5D1932747A6C3AC664860F862119CC27AEB3A57D1763F6F2A9D0A
0x0800B62D,0x0800B630,3,D5D5467413D5D1932747A6C3AC664860F862119CC27AEB3A57D1763F6F2A9D0A
0x0800B631,0x0800B634,3,D5D5467413D5D1932747A6C3AC664860F862119CC27AEB3A57D1763F6F2A9D0A
0x0800B635,0x0800B638,3,D5D5467413D5D1932747A6C3AC664860F862119CC27AEB3A57D1763F6F2A9D0A
0x0800B639,0x0800B63C,3,D5D5467413D5D1932747A6C3AC664860F862119CC27AEB3A57D1763F6F2A9D0A
0x0800B63D,0x0800B640,3,D5D5467413D5D1932747A6C3AC664860F862119CC27AEB3A57D1763F6F2A9D0A
0x0800B641,0x0800B644,3,D5D5467413D5D1932747A6C3AC664860F862119CC27AEB3A57D1763F6F2A9D0A
0x0800B645,0x0800B648,3,D5D5467413D5D1932747A6C3AC664860F862119CC27AEB3A57D1763F6F2A9D0A
0x0800B649,0x0800B64C,3,D5D5467413D5D1932747A6C3AC664860F862119CC27AEB3A57D1763F6F2A9D0A
0x0800B64D,0x0800B650,3,D5D5467413D5D1932747A6C3AC664860F862119CC27AEB3A57D1763F6F2A9D0A
0x0800B651,0x0800B736,229,6252F9F3E2EB6073121266616567823F55E7873D8141E05A8F8FC0B89DC941D4
