"inventory","path","expected_size","actual_size","expected_sha256","actual_sha256","issue"
"research\icsec2026\runs\full_20260830_seed20260830_n30\SHA256SUMS.csv","research/icsec2026/runs/full_20260830_seed20260830_n30/DATASET_README.md","4368","4426","03F9865F836D53725A48040AF56211AF8BD66FBDE8198FF6273229D66651638B","CAC2D20356893F8636C0C83B78EDDE651C3940991AD9E93AC33DC3D589A1E064","SIZE_AND_HASH"
"research\icsec2026\provenance\20260830_023830\PROVENANCE_SHA256SUMS.csv","research/icsec2026/provenance/20260830_023830/PROVENANCE.md","8247","8374","5D504CAE1C4B5FD19BEA32D41A3C40A48DF2AB95489602D2303DE801D42AA43E","F74DACC9AB4390DD5C9518EDE5AF031E0FF9C48A30D8ACB1BA641D6153CDEB45","SIZE_AND_HASH"
"research\icsec2026\provenance\20260830_023830\PROVENANCE_SHA256SUMS.csv","research/icsec2026/provenance/20260830_023830/scripts/analyze_flash_region.py","3131","3212","9B91CE03BA0245B8D30AB3ED876E5058FAA1D4FB25371D7528130CF0AF5F3167","CB646271C4241E23EF70430D5CBF7EA26D8CB19E57C3FC77E1C7928ED5AE27DB","SIZE_AND_HASH"
"research\icsec2026\provenance\20260830_023830\PROVENANCE_SHA256SUMS.csv","research/icsec2026/provenance/20260830_023830/scripts/collect_package_lists_utf8.py","1825","1878","7D93E485CFD6CCFB3B0205CAB8B56B08339CC27008097F91CB00484B5D4778A3","D8128918CAAD186392E9C85DC2EEF14F0E19A39E4FAE510457197586F1280E06","SIZE_AND_HASH"
"research\icsec2026\provenance\20260830_023830\PROVENANCE_SHA256SUMS.csv","research/icsec2026/provenance/20260830_023830/scripts/collect_selected_toolchain.py","2392","2458","A154CEF1A3F482D2138C36CD49603F3D84D1B6EA774657E66353FD8F5C34AD9E","5A1A68A395D580B193A8583AC68F6562AD98DF98B276F12C72017A28AF2DC161","SIZE_AND_HASH"
"research\icsec2026\provenance\20260830_023830\PROVENANCE_SHA256SUMS.csv","research/icsec2026/provenance/20260830_023830/scripts/collect_toolchain.py","5268","5403","B34A8E544469A2FB0D9F2F7A6175A93EF58005F315B68EC888FFE7E576ABA354","FE4D2C90EFA974B4683EEC122D074D2763DC5DFF92306D13C14A250E95E3F5B4","SIZE_AND_HASH"
"research\icsec2026\provenance\20260830_023830\PROVENANCE_SHA256SUMS.csv","research/icsec2026/provenance/20260830_023830/scripts/compare_binary_region.py","4882","5011","54B511C13A60F2CD23D84CBD8D21ED3F87D34830DCAB2D01844593E417D91A19","0CEC46F2C5874898FAA3F59113D4270AD7FF1ED9FABED2FDD0A86ED0F6C098E8","SIZE_AND_HASH"
"research\icsec2026\provenance\20260830_023830\PROVENANCE_SHA256SUMS.csv","research/icsec2026/provenance/20260830_023830/scripts/freeze_source_state.py","4168","4280","6A283B6FBFCEA6736D3CC8356DF5921BABA2236275FD29D11705B0652C5C16AB","0FEF198507219542FB6FA579EAB98698097FCD945A8EAF7BB336BFF71881582C","SIZE_AND_HASH"
"research\icsec2026\provenance\20260830_023830\PROVENANCE_SHA256SUMS.csv","research/icsec2026/provenance/20260830_023830/scripts/readonly_flash_capture.py","4065","4172","8CEDA5A99E52A06333CD60DD8B5B29A34853FC2F20FC1FA29A73B4F79BD4921E","52652D3CA6F7FBA43BD143462BD9A1B16ECBCADACAA03AF00FE8571EECA50453","SIZE_AND_HASH"
"research\icsec2026\provenance\20260830_023830\PROVENANCE_SHA256SUMS.csv","research/icsec2026/provenance/20260830_023830/scripts/rebuild_capture.py","3659","3752","367428780F482EF70310C714C0795387BB1C50969C2DE9B6D80595EF191C4294","61096363776291D7A0139A78146DD24CB6CDADACF2CCAFE809F72C9CEDBE253E","SIZE_AND_HASH"
"research\icsec2026\provenance\20260830_023830\PROVENANCE_SHA256SUMS.csv","research/icsec2026/provenance/20260830_023830/source_state/git_status_porcelain_v1.txt","4247","4305","76905E373257F7C46CEC707731A9112F19017E5EE0CD6D18CCFABD868F02261E","1AEB74CD1A8A5093ED85AA0450DD904CD8AEE7557BBC9AE06F6D2578F3CFE0DF","SIZE_AND_HASH"
"research\icsec2026\provenance\20260830_023830\PROVENANCE_SHA256SUMS.csv","research/icsec2026/provenance/20260830_023830/source_state/tracked_files.txt","5155","5310","108ACCECB59F4262B4FFB6BB4BD361FFE0677FE4CC09DA91F7C95049F573D094","173C70AF47A1CB8BA4BDE460B2AFC160DAE8983C757A724C05C2256BDE5B45E4","SIZE_AND_HASH"
"research\icsec2026\provenance\20260830_023830\PROVENANCE_SHA256SUMS.csv","research/icsec2026/provenance/20260830_023830/source_state/tracked_worktree.patch","4580","4728","B358575E947380405330C0743136FCBD494CBEB736D8DE4AB3200D82A536DD81","C6A8D517C3E64CED03F2720F1ADE44F568826A38333723127A799DE36B59FBCF","SIZE_AND_HASH"
"research\icsec2026\provenance\20260830_023830\PROVENANCE_SHA256SUMS.csv","research/icsec2026/provenance/20260830_023830/source_state/untracked_source_copies/demo-payload/src/HostModeCommandParser.hpp","2194","2286","8E6F973F29B5E7D6C7277CCD826D8598CB048EBFFB557F5BC61070D7E821110E","8BF23EDB3598516C51F6069F669B796DD7DABE13C20BD6595011C3AA105F4950","SIZE_AND_HASH"
"research\icsec2026\provenance\20260830_023830\PROVENANCE_SHA256SUMS.csv","research/icsec2026/provenance/20260830_023830/source_state/untracked_source_copies/demo-payload/test/test_host_mode_command/test_main.cpp","3950","4043","F4E346BEA94A124CA775E4D88184FD185DBB2A999847F65E8AD59CA138330010","81ED1DFAEE413168C49904EC3EAD8BAA7DF02893780B5CD5A6C9975EA98DEC37","SIZE_AND_HASH"
"research\icsec2026\provenance\20260830_023830\PROVENANCE_SHA256SUMS.csv","research/icsec2026/provenance/20260830_023830/source_state/untracked_source_copies/research/icsec2026/NEXT_TASK.md","2064","2093","66D35A9EBE7C87D6CF2B6DC875DEE0C6D6AC5F628324F0E3F743A792BD17F6A9","988DF80FB7C94C4AA7C96D7ED15EFA3A22BC500AC013F5075D69C7E6D1DC6FE3","SIZE_AND_HASH"
"research\icsec2026\provenance\20260830_023830\PROVENANCE_SHA256SUMS.csv","research/icsec2026/provenance/20260830_023830/source_state/untracked_source_copies/research/icsec2026/SESSION_STATE.md","22301","22559","390B5114EDB0EF4C842E758B6D91126C1283562BE99BDD9A74283FFD58C7896D","0E8DC22BA275E3C7ED6E976A46123D297E5266B7E2A3396F60ED989E5CE5BEE0","SIZE_AND_HASH"
"research\icsec2026\provenance\20260830_023830\PROVENANCE_SHA256SUMS.csv","research/icsec2026/provenance/20260830_023830/source_state/untracked_source_copies/research/icsec2026/injector/create_sha256_inventory.py","2618","2695","54244D7A1231C4E687FB310B934960A65226A3A6D952EBFEDF992F30707A0211","4021F9CAD57BADE48CBCC18215E0F5FDB7EDD9BB3303F04498C8B15C0B57E28A","SIZE_AND_HASH"
"research\icsec2026\provenance\20260830_023830\PROVENANCE_SHA256SUMS.csv","research/icsec2026/provenance/20260830_023830/source_state/untracked_source_copies/research/icsec2026/injector/requirements.txt","17","18","95FDAD543F34E4A191CD17219E1A73B4AB4B0B5AD9806A25C3B49E7B48AB8CA0","1F9CD0F05C4F38521C72B1465FDBCDA66D71BDA860E3ADDE9A1E2C214E6A17FF","SIZE_AND_HASH"
"research\icsec2026\provenance\20260830_023830\PROVENANCE_SHA256SUMS.csv","research/icsec2026/provenance/20260830_023830/source_state/untracked_source_copies/research/icsec2026/injector/run_n0_control.py","8517","8749","1BE5BD7E398AC5C5487044407307E18593F353064FA8EB20900CB78AFF706200","BDB98E8ADC8C06B8508EFCCB0FD6EC7C5AC47772F392130C6AF39705CE65B14B","SIZE_AND_HASH"
"research\icsec2026\provenance\20260830_023830\PROVENANCE_SHA256SUMS.csv","research/icsec2026/provenance/20260830_023830/source_state/untracked_source_copies/research/icsec2026/injector/run_payload_campaign.py","21351","21947","106AE0872BB9CEDDFD439AAB9A70C94E35F34F26EF5305BE18C26E745C5E3B2C","168EECF43FAF0986D286555BAB3CA12886B2BBB0E6F8B6D21C86D35E818C02FB","SIZE_AND_HASH"
"research\icsec2026\provenance\20260830_023830\PROVENANCE_SHA256SUMS.csv","research/icsec2026/provenance/20260830_023830/source_state/untracked_source_copies/research/icsec2026/injector/summarize_payload_campaign.py","14011","14350","09D760B82716AB74991E7B35323E120A421423AD3B160DBE4DC9FA1B043EEDC8","1DB0537245AA06BE8CE2FA3E44A99C648F20D70B925050DB5CF938748FD1D4F6","SIZE_AND_HASH"
"research\icsec2026\provenance\20260830_023830\PROVENANCE_SHA256SUMS.csv","research/icsec2026/provenance/20260830_023830/source_state/untracked_source_copies/research/icsec2026/injector/test_campaign_summary.py","1558","1602","BC2B422F0810601665828365B4BEF1BDB4AE04FC672861045FA283F3FC8787BA","285BC9E6A6E70A7A26A719369BE37583EA2A8379A7B72AE69515D76E89323778","SIZE_AND_HASH"
"research\icsec2026\provenance\20260830_023830\PROVENANCE_SHA256SUMS.csv","research/icsec2026/provenance/20260830_023830/source_state/untracked_source_copies/research/icsec2026/injector/test_n0_control.py","2181","2240","5C3CACBE41ED737722E23C4E098C2DB1B00F0D3677917058C89E31BBF337369B","340DA27DB943B19647ADF0E714C241C624080E39C7D669A5FC9C23891CB8AD98","SIZE_AND_HASH"
"research\icsec2026\provenance\20260830_023830\PROVENANCE_SHA256SUMS.csv","research/icsec2026/provenance/20260830_023830/source_state/untracked_source_copies/research/icsec2026/injector/test_run_payload_campaign.py","2730","2796","57034EC706B4291FDD4481E4A4183E449488C3390F6D554F88668031E3C9D689","B71F69382B0BD9DE0303B3DBFE9448EECD19997D983DC3B03AD8963394D94186","SIZE_AND_HASH"
"research\icsec2026\provenance\20260830_023830\PROVENANCE_SHA256SUMS.csv","research/icsec2026/provenance/20260830_023830/source_state/untracked_source_copies/research/icsec2026/injector/test_sha256_inventory.py","1430","1470","0EEE8B8DE3E27F2553FC8A55157FFE64959B1E73B0520E46753802B15362A4A0","CD752046C8F51EEE13880C786184BE86BAA1E14095C205D8DA8A7775BEB4EBFB","SIZE_AND_HASH"
"research\icsec2026\provenance\20260830_023830\PROVENANCE_SHA256SUMS.csv","research/icsec2026/provenance/20260830_023830/toolchain/package_metadata/02_framework-stm32cubeg4_package.json","543","560","D2956328E7F071EFCD4EE3646B3795B42AFABC94674558C5D25AD61408E10AC1","A8E23E39AFC410F06650A897183ED6A7639A55176AEBED1623AB7FDF9EC1F0AB","SIZE_AND_HASH"
"research\icsec2026\provenance\20260830_023830\PROVENANCE_SHA256SUMS.csv","research/icsec2026/provenance/20260830_023830/toolchain/package_metadata/04_tool-openocd_package.json","555","575","C5E67FA399DFEF4D2646800C923C2B6F8BA272D3DA65D441EA7FE24C3D00EBC0","4AC916D105AE65F6D6C5FD234D87045CC177D039B0EF47844FF25DB188F17501","SIZE_AND_HASH"
