"sha256","size_bytes","path"
"A959EC37276BC5D0D4CD514B154E9F90FAB1AA2351F691D785AB5A00CB0BDA04","2245","research/icsec2026/extension/recovery/recovery_20260901/COMMAND_LOG.md"
"1DA9AE064F1994AFB70AC077DCB09DCEC5EABA37F0C59EAFEE176588A8F86C7E","9769","research/icsec2026/extension/recovery/recovery_20260901/FAILED_ATTEMPT1_MISMATCH_LEDGER.csv"
"A43A3322A6C1AB9C8172B34146295E96F12E231882777C7EE1DF3A1BFF6DE545","11319","research/icsec2026/extension/recovery/recovery_20260901/FAILED_ATTEMPT2_MISMATCH_LEDGER.csv"
"3B8A94F9F3DDF5D036C0EA4E99E4DDB2694023260B426801348F4016CABDD091","134725","research/icsec2026/extension/recovery/recovery_20260901/PRIMARY_COPY_LEDGER.csv"
"21BE3AE3BC24528A0D70C7701AD4DA74DF485EB26C22178C9F4BD59F3294889F","2299","research/icsec2026/extension/recovery/recovery_20260901/RECOVERY_README.md"
"B96A18B64817D0E1F657C0795AADA7808FC450F5AF009EF66EB1114F3A5FC598","4619","research/icsec2026/extension/recovery/recovery_20260901/RECOVERY_RECORD.json"
"12304CEA4DE64EF3432F84C237CB4BFD2CB3930141D9C53B5DB878EF87CE7837","80766","research/icsec2026/extension/recovery/recovery_20260901/SECONDARY_VERIFICATION_LEDGER.csv"
"422760C42F0B8D5BA535E37A58F87136A1A59591601BE3AB01B396D6BB17171C","50413","research/icsec2026/extension/recovery/recovery_20260901/SOURCE_TRANSFER_FILE_INVENTORY.csv"
"70881E6C3CED87E67670112C356D13F3235C4D11F6FCEB2391A26D0F260A5BD1","5396","research/icsec2026/extension/recovery/recovery_20260901/SOURCE_TRANSFER_README.md"
