"relative_path","size_bytes","last_write_time","sha256"
"research/icsec2026/paper/generate_manuscript_tables.py","7777","2026-08-29T20:13:56.0742662Z","76EEB277ABEE4BB895AF2F93101D500BFB2C9C2C2652295F9AE348E7989555E1"
"research/icsec2026/paper/tables/fault_outcomes.csv","1068","2026-08-29T20:20:24.8109557Z","C3773C171029F56CAAA1669D7537A40CCE4B71973A2A7CE04FAEEB6DD49EEF98"
"research/icsec2026/paper/tables/latency_summary.csv","1909","2026-08-29T20:20:24.8119534Z","AA177409EF7D91064EE32EF1DEE6F60DA77AAA4E5E52714E4B93B8AA297486C6"
"research/icsec2026/paper/tables/n0_controls.csv","543","2026-08-29T20:20:24.8109557Z","E02BC3729FBF0CE26C4395938712E3A9E2C6FAE6DC796DDC69E677A719005B03"
"research/icsec2026/paper/tables/TABLE_PROVENANCE.json","1773","2026-08-29T20:20:24.8159526Z","383315929940D0E32002E06DC3748573210EA5B2214D32AD5C9BF10BE9D81C7D"
"research/icsec2026/provenance/20260830_023830/comparisons/g431_application_rebuild_differences.csv","140","2026-08-29T19:41:54.9684678Z","335933C486182E135E251BAF46BD6E225ABF5DD551FB6645C2B2483D3EB0529F"
"research/icsec2026/provenance/20260830_023830/comparisons/g431_application_rebuild.json","1121","2026-08-29T19:41:54.9724680Z","DFF4E40082D2232912C756569574A66DF307211798515E41D04766C4CF9BFDB7"
"research/icsec2026/provenance/20260830_023830/comparisons/g431_bootloader_rebuild_differences.csv","140","2026-08-29T19:41:55.0599864Z","335933C486182E135E251BAF46BD6E225ABF5DD551FB6645C2B2483D3EB0529F"
"research/icsec2026/provenance/20260830_023830/comparisons/g431_bootloader_rebuild.json","1120","2026-08-29T19:41:55.0649827Z","61CEF5D99EAFF30BC727EBD5D74FFE38471440BAA9517099F5838A23E60D2AC2"
"research/icsec2026/provenance/20260830_023830/comparisons/g474_packaged_application_differences.csv","140","2026-08-29T19:40:48.4023239Z","335933C486182E135E251BAF46BD6E225ABF5DD551FB6645C2B2483D3EB0529F"
"research/icsec2026/provenance/20260830_023830/comparisons/g474_packaged_application.json","1117","2026-08-29T19:40:48.4203245Z","29643B892C96CE684CF5BD3F8045ACF32E5D2CCB95F4706A6644F5B638E24FED"
"research/icsec2026/provenance/20260830_023830/flash_layout/g431_after_application_non_ff_ranges.csv","67","2026-08-29T19:45:26.6962277Z","E3DA5A361414CCE51D6D67AD465EBDC06B5BA91B97CEAD4C9668D63ED372C0EB"
"research/icsec2026/provenance/20260830_023830/flash_layout/g431_after_application.json","591","2026-08-29T19:45:26.6972279Z","106E9AA3723571ACBCBB52049046436084EF028C78F615F529BE45EEDC1F8B1B"
"research/icsec2026/provenance/20260830_023830/flash_layout/g431_gap_non_ff_ranges.csv","161","2026-08-29T19:45:26.6096643Z","3A98229A2DC2AF0CC1DC6F222212D63A076B290222C5EB91D02B07A89D6572AE"
"research/icsec2026/provenance/20260830_023830/flash_layout/g431_gap.json","603","2026-08-29T19:45:26.6096643Z","64A185DC456369B145CC3784C3C3FA81EDB912A6D5F2233A9D236B8CEEBB55AD"
"research/icsec2026/provenance/20260830_023830/flash_layout/g474_after_application_non_ff_ranges.csv","46827","2026-08-29T19:45:26.7997416Z","8143209112820D9A101B98D3EB4D8DA5259FA09BE87702898E72EC3945CC5428"
"research/icsec2026/provenance/20260830_023830/flash_layout/g474_after_application.json","608","2026-08-29T19:45:26.8007431Z","8D678EA20D648789323D838A247543858151E566C2B4FD9D48CD8532A60E16BC"
"research/icsec2026/provenance/20260830_023830/flash/g431_flash_capture.json","780","2026-08-29T19:39:44.2126093Z","6FB16D83581438EFE28C2B3EA1407C193B78D2C69E59498E9371B86215140F23"
"research/icsec2026/provenance/20260830_023830/flash/g431_full_flash_0x08000000_0x20000.bin","131072","2026-08-29T19:39:44.2046080Z","9D7B9B1439DCA29D434E768237BC78D5BE6737CAF481046C69B90ABA87A3BA1D"
"research/icsec2026/provenance/20260830_023830/flash/g431_openocd_read.log","813","2026-08-29T19:39:44.2096077Z","22767693BB893D802CCB10E256F7D9E326F3AD94D52BD6F1EA0E4151AFC44AB4"
"research/icsec2026/provenance/20260830_023830/flash/g474_flash_capture.json","780","2026-08-29T19:39:57.6881673Z","CE5341ECED809194F67969252B1DF7ADF516762FA4B43CC501C632EF6BAE348F"
"research/icsec2026/provenance/20260830_023830/flash/g474_full_flash_0x08000000_0x80000.bin","524288","2026-08-29T19:39:57.6796589Z","0DC52660B6AD976BE217387791C554AD45CAE9ACE1D8C6BF265C3972B521A4E1"
"research/icsec2026/provenance/20260830_023830/flash/g474_openocd_read.log","811","2026-08-29T19:39:57.6841630Z","2C4F497309F79DEBEF110AB203BC2F023C7FFFBC93A0FEC9076667CF9AA3A347"
"research/icsec2026/provenance/20260830_023830/PROVENANCE_SHA256SUMS.csv","10751","2026-08-29T19:47:45.0947768Z","84139F0C3886C513B2511332766495F04E8EB4705ABBF417E600431C2858D3DC"
"research/icsec2026/provenance/20260830_023830/PROVENANCE.md","8247","2026-08-29T19:47:28.9458366Z","5D504CAE1C4B5FD19BEA32D41A3C40A48DF2AB95489602D2303DE801D42AA43E"
"research/icsec2026/provenance/20260830_023830/rebuild/g431_application/build_report.json","1096","2026-08-29T19:41:33.7730966Z","B919C79FA554C53E554755986F6EE5842283F0DB8DF14767E225A03158B579E3"
"research/icsec2026/provenance/20260830_023830/rebuild/g431_application/build.log","11803","2026-08-29T19:41:33.7510914Z","242C4E541F12E34E3E5C4E8609054924548356F0D13BAF7C279521C37F0980B6"
"research/icsec2026/provenance/20260830_023830/rebuild/g431_application/firmware.bin","20020","2026-08-29T19:41:33.7520897Z","7C2C1B646AF312AB6766423D2BC228A5F11CFFB5F9B4BA23521D4610029DFE7F"
"research/icsec2026/provenance/20260830_023830/rebuild/g431_application/firmware.elf","92164","2026-08-29T19:41:33.7600961Z","AFC717C4583635AA9B0918A40D369A0C9580308B158B530DBB6FE3B752EA9FDC"
"research/icsec2026/provenance/20260830_023830/rebuild/g431_bootloader/build_report.json","1114","2026-08-29T19:41:44.7430491Z","0973CA8F83046F5B00845C29611EAE2BAA2F124A205173037AE3792962FA231D"
"research/icsec2026/provenance/20260830_023830/rebuild/g431_bootloader/build.log","11045","2026-08-29T19:41:44.7230507Z","9512F41DBF581B0B4D94D43366359D889D70C56261F5054AD1588D0E774C6D6B"
"research/icsec2026/provenance/20260830_023830/rebuild/g431_bootloader/firmware.bin","4032","2026-08-29T19:41:44.7230507Z","20FB03F428C980A5D0907E1889AFBA1777B11C6BA5AEA1744F0E716DA1AFA44D"
"research/icsec2026/provenance/20260830_023830/rebuild/g431_bootloader/firmware.elf","141604","2026-08-29T19:41:44.7320483Z","8392936F155D064F1FDE95AE5F548E13522B7BF47510DB22A0CE7773BAA52687"
"research/icsec2026/provenance/20260830_023830/scripts/analyze_flash_region.py","3131","2026-08-29T19:45:15.1939624Z","9B91CE03BA0245B8D30AB3ED876E5058FAA1D4FB25371D7528130CF0AF5F3167"
"research/icsec2026/provenance/20260830_023830/scripts/collect_package_lists_utf8.py","1825","2026-08-29T19:44:17.1619518Z","7D93E485CFD6CCFB3B0205CAB8B56B08339CC27008097F91CB00484B5D4778A3"
"research/icsec2026/provenance/20260830_023830/scripts/collect_selected_toolchain.py","2392","2026-08-29T19:46:33.1393459Z","A154CEF1A3F482D2138C36CD49603F3D84D1B6EA774657E66353FD8F5C34AD9E"
"research/icsec2026/provenance/20260830_023830/scripts/collect_toolchain.py","5268","2026-08-29T19:43:35.9849098Z","B34A8E544469A2FB0D9F2F7A6175A93EF58005F315B68EC888FFE7E576ABA354"
"research/icsec2026/provenance/20260830_023830/scripts/compare_binary_region.py","4882","2026-08-29T19:40:40.8398146Z","54B511C13A60F2CD23D84CBD8D21ED3F87D34830DCAB2D01844593E417D91A19"
"research/icsec2026/provenance/20260830_023830/scripts/freeze_source_state.py","4168","2026-08-29T19:43:35.9859092Z","6A283B6FBFCEA6736D3CC8356DF5921BABA2236275FD29D11705B0652C5C16AB"
"research/icsec2026/provenance/20260830_023830/scripts/readonly_flash_capture.py","4065","2026-08-29T19:39:17.0175247Z","8CEDA5A99E52A06333CD60DD8B5B29A34853FC2F20FC1FA29A73B4F79BD4921E"
"research/icsec2026/provenance/20260830_023830/scripts/rebuild_capture.py","3659","2026-08-29T19:41:21.9145729Z","367428780F482EF70310C714C0795387BB1C50969C2DE9B6D80595EF191C4294"
"research/icsec2026/provenance/20260830_023830/source_state/commit.json","97","2026-08-29T19:44:27.1433732Z","61B3175EDD9F5AF618BC1B1E0387BFEF14FDBBCD759A95D1B1AB2B35EF5389DB"
"research/icsec2026/provenance/20260830_023830/source_state/git_status_porcelain_v1.txt","4247","2026-08-29T19:44:27.2764063Z","76905E373257F7C46CEC707731A9112F19017E5EE0CD6D18CCFABD868F02261E"
"research/icsec2026/provenance/20260830_023830/source_state/source_state_report.json","408","2026-08-29T19:44:27.4277559Z","26BACAECBA6C1819A1E7E2ABA0E8D051343E2CC7CA4E345A80EF90C1A89517E1"
"research/icsec2026/provenance/20260830_023830/source_state/staged.patch","0","2026-08-29T19:44:27.2258895Z","E3B0C44298FC1C149AFBF4C8996FB92427AE41E4649B934CA495991B7852B855"
"research/icsec2026/provenance/20260830_023830/source_state/tracked_files.txt","5155","2026-08-29T19:44:27.3152274Z","108ACCECB59F4262B4FFB6BB4BD361FFE0677FE4CC09DA91F7C95049F573D094"
"research/icsec2026/provenance/20260830_023830/source_state/tracked_worktree.patch","4580","2026-08-29T19:44:27.1868906Z","B358575E947380405330C0743136FCBD494CBEB736D8DE4AB3200D82A536DD81"
"research/icsec2026/provenance/20260830_023830/source_state/untracked_source_copies/demo-payload/src/HostModeCommandParser.hpp","2194","2026-08-29T19:44:27.3162745Z","8E6F973F29B5E7D6C7277CCD826D8598CB048EBFFB557F5BC61070D7E821110E"
"research/icsec2026/provenance/20260830_023830/source_state/untracked_source_copies/demo-payload/test/test_host_mode_command/test_main.cpp","3950","2026-08-29T19:44:27.3240770Z","F4E346BEA94A124CA775E4D88184FD185DBB2A999847F65E8AD59CA138330010"
"research/icsec2026/provenance/20260830_023830/source_state/untracked_source_copies/research/icsec2026/injector/create_sha256_inventory.py","2618","2026-08-29T19:44:27.3842400Z","54244D7A1231C4E687FB310B934960A65226A3A6D952EBFEDF992F30707A0211"
"research/icsec2026/provenance/20260830_023830/source_state/untracked_source_copies/research/icsec2026/injector/requirements.txt","17","2026-08-29T19:44:27.3510808Z","95FDAD543F34E4A191CD17219E1A73B4AB4B0B5AD9806A25C3B49E7B48AB8CA0"
"research/icsec2026/provenance/20260830_023830/source_state/untracked_source_copies/research/icsec2026/injector/run_n0_control.py","8517","2026-08-29T19:44:27.3665889Z","1BE5BD7E398AC5C5487044407307E18593F353064FA8EB20900CB78AFF706200"
"research/icsec2026/provenance/20260830_023830/source_state/untracked_source_copies/research/icsec2026/injector/run_payload_campaign.py","21351","2026-08-29T19:44:27.3565850Z","106AE0872BB9CEDDFD439AAB9A70C94E35F34F26EF5305BE18C26E745C5E3B2C"
"research/icsec2026/provenance/20260830_023830/source_state/untracked_source_copies/research/icsec2026/injector/summarize_payload_campaign.py","14011","2026-08-29T19:44:27.3752347Z","09D760B82716AB74991E7B35323E120A421423AD3B160DBE4DC9FA1B043EEDC8"
"research/icsec2026/provenance/20260830_023830/source_state/untracked_source_copies/research/icsec2026/injector/test_campaign_summary.py","1558","2026-08-29T19:44:27.4112426Z","BC2B422F0810601665828365B4BEF1BDB4AE04FC672861045FA283F3FC8787BA"
"research/icsec2026/provenance/20260830_023830/source_state/untracked_source_copies/research/icsec2026/injector/test_n0_control.py","2181","2026-08-29T19:44:27.4042381Z","5C3CACBE41ED737722E23C4E098C2DB1B00F0D3677917058C89E31BBF337369B"
"research/icsec2026/provenance/20260830_023830/source_state/untracked_source_copies/research/icsec2026/injector/test_run_payload_campaign.py","2730","2026-08-29T19:44:27.3922401Z","57034EC706B4291FDD4481E4A4183E449488C3390F6D554F88668031E3C9D689"
"research/icsec2026/provenance/20260830_023830/source_state/untracked_source_copies/research/icsec2026/injector/test_sha256_inventory.py","1430","2026-08-29T19:44:27.4182429Z","0EEE8B8DE3E27F2553FC8A55157FFE64959B1E73B0520E46753802B15362A4A0"
"research/icsec2026/provenance/20260830_023830/source_state/untracked_source_copies/research/icsec2026/NEXT_TASK.md","2064","2026-08-29T19:44:27.3330712Z","66D35A9EBE7C87D6CF2B6DC875DEE0C6D6AC5F628324F0E3F743A792BD17F6A9"
"research/icsec2026/provenance/20260830_023830/source_state/untracked_source_copies/research/icsec2026/SESSION_STATE.md","22301","2026-08-29T19:44:27.3410733Z","390B5114EDB0EF4C842E758B6D91126C1283562BE99BDD9A74283FFD58C7896D"
"research/icsec2026/provenance/20260830_023830/source_state/untracked_source_inventory.csv","2547","2026-08-29T19:44:27.4277559Z","6162BFF8084A9965B052FDC651137C65B57ED9912FEE8B39D5E608378486E6D1"
"research/icsec2026/provenance/20260830_023830/toolchain/command_versions.json","16958","2026-08-29T19:43:52.5299660Z","2EF517C4B0A4429A18798B40B6E835C8C075AAB057061A5D1174D0A540395CE6"
"research/icsec2026/provenance/20260830_023830/toolchain/executable_hashes.json","1311","2026-08-29T19:43:52.5409695Z","A20E66D59A524D2500AA1F14E63ADD760F87EF5B80E64AE05ED9FE505A141A8E"
"research/icsec2026/provenance/20260830_023830/toolchain/host.json","371","2026-08-29T19:43:52.6404849Z","9552EC09F4AE176A5CAB89477304F133D20581B37CFA17FC436FC572C5E96F4A"
"research/icsec2026/provenance/20260830_023830/toolchain/package_lists_utf8.json","20577","2026-08-29T19:44:26.9768619Z","FD670C28DEB76908A31A95AF4B948FD4CD1261114985FC12D57D026BE02634A0"
"research/icsec2026/provenance/20260830_023830/toolchain/package_metadata_index.json","1202","2026-08-29T19:43:52.5614807Z","C907FC8FAC4C217FCBAF759FAEE704F2D9B8790402D4770577D6AD4B845F6331"
"research/icsec2026/provenance/20260830_023830/toolchain/package_metadata/01_ststm32_platform.json","11703","2026-08-29T19:43:52.5429696Z","8C4A890EE07CEEE4A13E79E9BA0CF2679F464DF5917594549A0E7BC716BD0871"
"research/icsec2026/provenance/20260830_023830/toolchain/package_metadata/02_framework-stm32cubeg4_package.json","543","2026-08-29T19:43:52.5554794Z","D2956328E7F071EFCD4EE3646B3795B42AFABC94674558C5D25AD61408E10AC1"
"research/icsec2026/provenance/20260830_023830/toolchain/package_metadata/03_toolchain-gccarmnoneeabi_package.json","495","2026-08-29T19:43:52.5574816Z","7382239FD97C7BFA3D7821659E9C6828527184F7EC8592F80B54D5DA35DB4CEE"
"research/icsec2026/provenance/20260830_023830/toolchain/package_metadata/04_tool-openocd_package.json","555","2026-08-29T19:43:52.5594808Z","C5E67FA399DFEF4D2646800C923C2B6F8BA272D3DA65D441EA7FE24C3D00EBC0"
"research/icsec2026/provenance/20260830_023830/toolchain/selected_build_toolchain_1.70201.0.json","3320","2026-08-29T19:46:39.2396305Z","44A60E541B241266D5582584425E3077B93693C66CD921F0D6BF9B405CEA0995"
"research/icsec2026/runs/full_20260830_seed20260830_n30/DATASET_README.md","4368","2026-08-29T19:27:06.3144081Z","03F9865F836D53725A48040AF56211AF8BD66FBDE8198FF6273229D66651638B"
"research/icsec2026/runs/full_20260830_seed20260830_n30/firmware/g474_payload_firmware.bin","8760","2026-08-29T18:30:36.3632117Z","351E62FCA5389070D393A9EAB973E48C4D8F9F1629483BDDCE063D673243A36C"
"research/icsec2026/runs/full_20260830_seed20260830_n30/manifest.json","96745","2026-08-29T19:24:09.2328098Z","10D966EE6F43BB70EAAFA713723F9C56EEDA51757E605BEB80A8578E0ABEE67F"
"research/icsec2026/runs/full_20260830_seed20260830_n30/raw/R001_P03/g431.log","1206","2026-08-29T19:10:14.1554286Z","47BDB4473A48DF20BA15096A6619D571EB9157296E4F5B0C49CE9DB46226BBB4"
"research/icsec2026/runs/full_20260830_seed20260830_n30/raw/R001_P03/g474.log","321","2026-08-29T19:10:13.8788065Z","E4A749A18DE9F1631768D01480D9601059FC1E41CA054DB2675CF2BB3F5D195D"
"research/icsec2026/runs/full_20260830_seed20260830_n30/raw/R002_P03/g431.log","1588","2026-08-29T19:10:23.1134902Z","3B66B7DA6EA55FDDD28E12335D69B21626DF32166121533A6746EAFEBC2A5846"
"research/icsec2026/runs/full_20260830_seed20260830_n30/raw/R002_P03/g474.log","321","2026-08-29T19:10:22.8793724Z","73BA4E4106E6F2381332D8DDEC2661AA42251DDD1275DBBA0CC84F405E08E220"
"research/icsec2026/runs/full_20260830_seed20260830_n30/raw/R003_P03/g431.log","1588","2026-08-29T19:10:32.1224517Z","59F06D9C309776E74CF42A7A323BE54C8344532BEA902022216D9B51F10FD72B"
"research/icsec2026/runs/full_20260830_seed20260830_n30/raw/R003_P03/g474.log","321","2026-08-29T19:10:32.0766806Z","9B0CC6671884035E30558281DA70585911E61CF572728957E8613C1C658003B2"
"research/icsec2026/runs/full_20260830_seed20260830_n30/raw/R004_P01/g431.log","1437","2026-08-29T19:10:42.1015113Z","D577658719A7CAD4E3BBC91104BCD471B81795C6B1B0A9FB82BC44AB1F915068"
"research/icsec2026/runs/full_20260830_seed20260830_n30/raw/R004_P01/g474.log","318","2026-08-29T19:10:41.9126922Z","F126FD374247CA3787D09CB8C8C890D78B99399E9FC58A619CA4ED02CDFC785E"
"research/icsec2026/runs/full_20260830_seed20260830_n30/raw/R005_P02/g431.log","1576","2026-08-29T19:10:52.0725295Z","E73BA0A35F6F048A6C77A2422E9DCF5FBB190426E84EC66A2A31191A08C8D5C4"
"research/icsec2026/runs/full_20260830_seed20260830_n30/raw/R005_P02/g474.log","321","2026-08-29T19:10:51.7279142Z","0B720C6913A8961EEE331CDBAC9B574685818FDE7D2CFF6E309C21935A9C9C30"
"research/icsec2026/runs/full_20260830_seed20260830_n30/raw/R006_P01/g431.log","1446","2026-08-29T19:11:02.0452322Z","FE10363CB020953B8E52457FC4719110B54CE6BE0C648E39992C67AB3A16FCEE"
"research/icsec2026/runs/full_20260830_seed20260830_n30/raw/R006_P01/g474.log","318","2026-08-29T19:11:01.3459434Z","5E5139467569C9738A1C37FA5E89F806E6C86EF6A8F137EE2975F256F73A7B4A"
"research/icsec2026/runs/full_20260830_seed20260830_n30/raw/R007_P03/g431.log","1600","2026-08-29T19:11:12.0171182Z","EA52A9E0B041E100A2A7ED73A74AAF3722AE727C7F31F420CA150D5937457C0C"
"research/icsec2026/runs/full_20260830_seed20260830_n30/raw/R007_P03/g474.log","321","2026-08-29T19:11:10.7862288Z","F0F139E29DC41085723827FC7E53AC4BE4223A908C910282C25B3A443BDFE48A"
"research/icsec2026/runs/full_20260830_seed20260830_n30/raw/R008_P01/g431.log","1449","2026-08-29T19:11:21.9894744Z","9134030CC5A231F40D026864090C0CE79895875E62D1B7F6F360C53EA4F815F7"
"research/icsec2026/runs/full_20260830_seed20260830_n30/raw/R008_P01/g474.log","318","2026-08-29T19:11:20.2870546Z","B39685E1A36E58F79F148D18D703B8E441B1F90F3B55C2A5CC5E47DA458A32F6"
"research/icsec2026/runs/full_20260830_seed20260830_n30/raw/R009_P03/g431.log","1600","2026-08-29T19:11:31.9658824Z","4AD139757916528B78C8DFC8D1334DE1F3ABBABA6B723F505E19056FC521AEB9"
"research/icsec2026/runs/full_20260830_seed20260830_n30/raw/R009_P03/g474.log","321","2026-08-29T19:11:29.8459412Z","27A55F6EFDFD0A44FF8F3D3923517077452F5281F63AB3776A091A29D86B9266"
"research/icsec2026/runs/full_20260830_seed20260830_n30/raw/R010_P02/g431.log","1585","2026-08-29T19:11:41.9415704Z","D8A9C95477BABF6CE6685E32F6BA7A13C11D6464BF8F7F1862C65D136F61DEEB"
"research/icsec2026/runs/full_20260830_seed20260830_n30/raw/R010_P02/g474.log","321","2026-08-29T19:11:39.5380666Z","6C02FDF39C85A16172DB8BCD26091DE45DD02BF2A138D162ADBE68BF19CAEF13"
"research/icsec2026/runs/full_20260830_seed20260830_n30/raw/R011_P02/g431.log","1200","2026-08-29T19:11:48.9269527Z","71EFB7EB4FC14EA225D7BD9744B4D4BF541B2AAFF1AFB7733E955906456D088E"
"research/icsec2026/runs/full_20260830_seed20260830_n30/raw/R011_P02/g474.log","321","2026-08-29T19:11:48.7091562Z","73FE10D6F276B3B6971FA37D95D9CC254285B03191DFC564BDE709AD2F5E589A"
"research/icsec2026/runs/full_20260830_seed20260830_n30/raw/R012_P02/g431.log","1588","2026-08-29T19:11:57.9089556Z","2D0E217913717859F358CB661C435071DEDD92EFAC3C3DDB1C5F88D118D8C6E8"
"research/icsec2026/runs/full_20260830_seed20260830_n30/raw/R012_P02/g474.log","321","2026-08-29T19:11:57.8470647Z","FDCDC2C3D5EA89059E7232C9498C31E302B87628E04ADA445F8BBD7D48A72030"
"research/icsec2026/runs/full_20260830_seed20260830_n30/raw/R013_P03/g431.log","1603","2026-08-29T19:12:07.8867363Z","58353BE4D0B4494369CADC208AEA336892FE5FFAE5C70150E719A64583644E76"
"research/icsec2026/runs/full_20260830_seed20260830_n30/raw/R013_P03/g474.log","321","2026-08-29T19:12:07.6058615Z","5069821DE8B03387D54E695A290BD09890F255484626FD842B8D2771EDEEB46B"
"research/icsec2026/runs/full_20260830_seed20260830_n30/raw/R014_P02/g431.log","1588","2026-08-29T19:12:17.3692891Z","D3EC0B97EF96BE0D2BBABD04C2284EC6734DCB0335F80EC955232431F542ADF6"
"research/icsec2026/runs/full_20260830_seed20260830_n30/raw/R014_P02/g474.log","321","2026-08-29T19:12:17.1203140Z","C566B37E2569BF9188AEB5ADDC332FE39A818DBF3A2F0DDF2405F653B667C8B1"
"research/icsec2026/runs/full_20260830_seed20260830_n30/raw/R015_P01/g431.log","1449","2026-08-29T19:12:26.8328102Z","B95915A9C9BBB9C28BE9A475E8267524EB02457B64BAB7A1FBE6C7E644DDEC6F"
"research/icsec2026/runs/full_20260830_seed20260830_n30/raw/R015_P01/g474.log","318","2026-08-29T19:12:26.0347052Z","27698A03915EBD7E9D5936EFE062C67CB4C964A42F72BE9C021382A792BB0F99"
"research/icsec2026/runs/full_20260830_seed20260830_n30/raw/R016_P03/g431.log","1600","2026-08-29T19:12:36.8128896Z","DBBD7519D0CABF697CEBD919A2E574D3460883B0EC1943B5CA0AC37FB4139F81"
"research/icsec2026/runs/full_20260830_seed20260830_n30/raw/R016_P03/g474.log","321","2026-08-29T19:12:35.0587621Z","400AE76C2ACB8E97B63832EE83FBB4172C882AB624A0052019C8823DC077B21B"
"research/icsec2026/runs/full_20260830_seed20260830_n30/raw/R017_P03/g431.log","1603","2026-08-29T19:12:46.7880365Z","7ACAF6EE857AE7E73E9AB616472FAA270248C987D2796056FC3F8122AA6D3305"
"research/icsec2026/runs/full_20260830_seed20260830_n30/raw/R017_P03/g474.log","321","2026-08-29T19:12:44.1200455Z","CBCE8E0701E363C2FF90A4D9A6293DFD8DD2F27330502018332DD27519A2980E"
"research/icsec2026/runs/full_20260830_seed20260830_n30/raw/R018_P01/g431.log","1064","2026-08-29T19:12:53.2858266Z","A8BCA3725B66FFB096051E428AD1B087DF502F123A61BA90F255694ED56CE622"
"research/icsec2026/runs/full_20260830_seed20260830_n30/raw/R018_P01/g474.log","318","2026-08-29T19:12:53.2399445Z","93E2110AF21FC20661F939059E011899D26ADD4B1196119D08C8DB2481B41C1D"
"research/icsec2026/runs/full_20260830_seed20260830_n30/raw/R019_P02/g431.log","1588","2026-08-29T19:13:03.2654380Z","60257144C6DDD583B1C38A03229EA93ED2A3FCACD0BA7BF2334C04D4486D089F"
"research/icsec2026/runs/full_20260830_seed20260830_n30/raw/R019_P02/g474.log","321","2026-08-29T19:13:02.9344898Z","C2F946617ABA3E8CE23B8F6A1CDD1A50A605F74922975EE8AAA32A459F7AE95D"
"research/icsec2026/runs/full_20260830_seed20260830_n30/raw/R020_P02/g431.log","1588","2026-08-29T19:13:12.2408141Z","81648975DF3D819437EB80E5E3B773E0BB0703144A39F956D58D613A787E8D54"
"research/icsec2026/runs/full_20260830_seed20260830_n30/raw/R020_P02/g474.log","321","2026-08-29T19:13:12.1478389Z","2974419C505703E0084F776ABB736BAC2CA5D915C83565025F1D3F4697AB0EB8"
"research/icsec2026/runs/full_20260830_seed20260830_n30/raw/R021_P03/g431.log","1600","2026-08-29T19:13:21.7062618Z","811B2A4B872FD438F62A98BDD5374D5633D2E1F3194F715A3385A4A2B77C9F58"
"research/icsec2026/runs/full_20260830_seed20260830_n30/raw/R021_P03/g474.log","321","2026-08-29T19:13:21.0503140Z","88B9427C8F950D6CC5326E7C55052EDD02185FB2A2E268F0A5D5F8C79CD79183"
"research/icsec2026/runs/full_20260830_seed20260830_n30/raw/R022_P02/g431.log","1585","2026-08-29T19:13:31.6929666Z","0AE65981C0D06CDA9E1BF339B4BFEB22AD56B015D94D97A76843B9325FF7729E"
"research/icsec2026/runs/full_20260830_seed20260830_n30/raw/R022_P02/g474.log","321","2026-08-29T19:13:30.2528260Z","8762C384F8188C72FB1C23B9A862C5449E779CD19CC2C122516EC01244146AE3"
"research/icsec2026/runs/full_20260830_seed20260830_n30/raw/R023_P03/g431.log","1600","2026-08-29T19:13:41.6732226Z","D3D6FD1DB121C7CCC8E6809F0DA6F882574CBA2D2E2DF21A26CC4DB32C60F965"
"research/icsec2026/runs/full_20260830_seed20260830_n30/raw/R023_P03/g474.log","321","2026-08-29T19:13:39.4309765Z","40E0A6F994FD6ACB98A41FF7830FE169FBE179F1C62278172A1732E3A4643852"
"research/icsec2026/runs/full_20260830_seed20260830_n30/raw/R024_P03/g431.log","1215","2026-08-29T19:13:48.6181789Z","6B0EA0700F77F3C27501BB65140132586A4F6CFB9D2CE3A73DA95BAE5AA78308"
"research/icsec2026/runs/full_20260830_seed20260830_n30/raw/R024_P03/g474.log","321","2026-08-29T19:13:48.3951579Z","FEE30881B43640B11AA3FA8DFC65318133B29F40249CE4CB5256BB7572FE7B67"
"research/icsec2026/runs/full_20260830_seed20260830_n30/raw/R025_P02/g431.log","1588","2026-08-29T19:13:58.5935632Z","1F007985878AFED4A3F214A76D169A263F0A836BBB7D77DD5ACD7115F5A8F328"
"research/icsec2026/runs/full_20260830_seed20260830_n30/raw/R025_P02/g474.log","321","2026-08-29T19:13:58.1975164Z","A14C8E229F0F955A168ABFE0D9E4FF0D985DDF6EF99ED0732A7C9FD35374AF04"
"research/icsec2026/runs/full_20260830_seed20260830_n30/raw/R026_P01/g431.log","1452","2026-08-29T19:14:07.6268657Z","AE28776FB67ACA58F4FE5878A37ED669DA48DC145240FE62FA5AAC2976B7F088"
"research/icsec2026/runs/full_20260830_seed20260830_n30/raw/R026_P01/g474.log","318","2026-08-29T19:14:07.2508954Z","D5056589B940598594C03E6251AA202B242EA6EF5AF90603D0F1474D03EB66BE"
"research/icsec2026/runs/full_20260830_seed20260830_n30/raw/R027_P02/g431.log","1588","2026-08-29T19:14:17.0956190Z","489F97D860C98F6CEE8284708DE5E2DF986E4DD2E24CEF917222F74917CE43DB"
"research/icsec2026/runs/full_20260830_seed20260830_n30/raw/R027_P02/g474.log","321","2026-08-29T19:14:16.7322522Z","99CECA0B08C2E6410ABA80D4360495C8FFF64636E085F629E6ABEA84514D1F0B"
"research/icsec2026/runs/full_20260830_seed20260830_n30/raw/R028_P01/g431.log","1452","2026-08-29T19:14:26.5831083Z","F0C56A8177544D6C6E4207122844DF11E0802BA9E7FFBB4E56762C5A5C4554B4"
"research/icsec2026/runs/full_20260830_seed20260830_n30/raw/R028_P01/g474.log","318","2026-08-29T19:14:26.1590641Z","479E89D1FA7594E785478EB026CAC82DC81D5B5D5A4E124965D4A859E69F7129"
"research/icsec2026/runs/full_20260830_seed20260830_n30/raw/R029_P03/g431.log","1603","2026-08-29T19:14:36.5389941Z","8AE2DD3F95B3B83AEF617FD66D139E711FC38996BF1C06A5F1F8A8114A883948"
"research/icsec2026/runs/full_20260830_seed20260830_n30/raw/R029_P03/g474.log","321","2026-08-29T19:14:35.9046927Z","05CBF580AE6BF18D2C95CE1702759D72C4247D61CA273FB5CC35F04392B847AF"
"research/icsec2026/runs/full_20260830_seed20260830_n30/raw/R030_P02/g431.log","1591","2026-08-29T19:14:46.5280388Z","DF705294D8E8B522B4C69A6909DB3843DEAC41C98AA1B7A3CAB77E291E83FD71"
"research/icsec2026/runs/full_20260830_seed20260830_n30/raw/R030_P02/g474.log","321","2026-08-29T19:14:45.3907119Z","3D6A598017965957D28A8062553091655CBCB2513945816CCD018CB32D27D31A"
"research/icsec2026/runs/full_20260830_seed20260830_n30/raw/R031_P01/g431.log","1455","2026-08-29T19:14:56.5066583Z","FCAC7781B74901D1EC4A221775E7E0587B54FD5CBDEBEC066C1C9CF4B319FF7B"
"research/icsec2026/runs/full_20260830_seed20260830_n30/raw/R031_P01/g474.log","318","2026-08-29T19:14:54.3690272Z","53AB6C8954D0D9421FE964CD099027FA089606412A6A14E35F7A84FD7DA5C696"
"research/icsec2026/runs/full_20260830_seed20260830_n30/raw/R032_P01/g431.log","1067","2026-08-29T19:15:03.4539368Z","72D556AFDE405F97CCE5A90D60ECBACF0A1E729CFC4158EFAC5016DB9FA9B387"
"research/icsec2026/runs/full_20260830_seed20260830_n30/raw/R032_P01/g474.log","318","2026-08-29T19:15:03.3587116Z","267DE4183C6620CBE5CB8B832AC2016E9C60EEB73344AAB9F979A66ED96CC639"
"research/icsec2026/runs/full_20260830_seed20260830_n30/raw/R033_P01/g431.log","1458","2026-08-29T19:15:13.4317863Z","81BB9E8B880E2EAF02FCFE4C841F9630088C2C07EC4162AB73B0BEB912B149C0"
"research/icsec2026/runs/full_20260830_seed20260830_n30/raw/R033_P01/g474.log","318","2026-08-29T19:15:12.9754690Z","7B8552496BDBB4050A43B83EECFAB240D1344875DBE0C4E2340CCD5D5E0A78F7"
"research/icsec2026/runs/full_20260830_seed20260830_n30/raw/R034_P02/g431.log","1597","2026-08-29T19:15:21.9500825Z","65AA9A9967F875BD0984D76E42B059FC0D7A89ECA9944232D9E04ED72DBE07B7"
"research/icsec2026/runs/full_20260830_seed20260830_n30/raw/R034_P02/g474.log","321","2026-08-29T19:15:21.9025733Z","0995004E2583F3B93629EC2DDDEF6CF85A31A89F4EE6FCCCEB5D45CCD845F5D6"
"research/icsec2026/runs/full_20260830_seed20260830_n30/raw/R035_P03/g431.log","1615","2026-08-29T19:15:31.4342141Z","74E90939D77BE70AC050BF46472AB3059CC7366000B05A2228A011D58018AD1C"
"research/icsec2026/runs/full_20260830_seed20260830_n30/raw/R035_P03/g474.log","321","2026-08-29T19:15:31.3877048Z","164BFE8F7D137F04752D0D2609443B57165259816FDA1C79DF581A8F9421FDDB"
"research/icsec2026/runs/full_20260830_seed20260830_n30/raw/R036_P02/g431.log","1597","2026-08-29T19:15:41.3894901Z","42F5AEC303C8BB13B118F456C508265716D48FD8CAA8C308814BDFB114785297"
"research/icsec2026/runs/full_20260830_seed20260830_n30/raw/R036_P02/g474.log","321","2026-08-29T19:15:40.8167236Z","0336BA81C4B10F26C837A8ED70180DE3390EBA27A393986F292122FF2AEF2A05"
"research/icsec2026/runs/full_20260830_seed20260830_n30/raw/R037_P01/g431.log","1461","2026-08-29T19:15:51.3662133Z","DF12EC355553889ACAFB7A2478FB4B89A7770D34DC92E779AE6CA59AC1510C5C"
"research/icsec2026/runs/full_20260830_seed20260830_n30/raw/R037_P01/g474.log","318","2026-08-29T19:15:50.6262486Z","70757E6F359151BBEAF0BA6418AA564044A221693AFA5FE234252E70D72D4DB4"
"research/icsec2026/runs/full_20260830_seed20260830_n30/raw/R038_P01/g431.log","1461","2026-08-29T19:16:01.3519336Z","B748708115E3E4CE098640377A05778235F946FF0503E06CFD341170944B43B8"
"research/icsec2026/runs/full_20260830_seed20260830_n30/raw/R038_P01/g474.log","318","2026-08-29T19:15:59.7246984Z","23540CFDB0B2A8CB54FD7D4FA96E1289AD9EBFD4D75790D2B58F8DFFE808AFA8"
"research/icsec2026/runs/full_20260830_seed20260830_n30/raw/R039_P01/g431.log","1461","2026-08-29T19:16:11.3307757Z","FC2AEECB154B88E0F9998BC6E0F9314CC5D8697933F23616C312D5C0AE1D1B0E"
"research/icsec2026/runs/full_20260830_seed20260830_n30/raw/R039_P01/g474.log","318","2026-08-29T19:16:09.0202077Z","C904B941ACD4E89EB5AEA8FB762BBE6FCFE8AF2ED85E9400FE06F3C4B9247BCA"
"research/icsec2026/runs/full_20260830_seed20260830_n30/raw/R040_P03/g431.log","1615","2026-08-29T19:16:21.2991310Z","471DE199EBCA1AE8D47A60BE68647CEEC52C90247FFCA814EC279CBD584E4E04"
"research/icsec2026/runs/full_20260830_seed20260830_n30/raw/R040_P03/g474.log","321","2026-08-29T19:16:18.5797460Z","5A7591FB88B382A8E625CEFA904C24676D59B92D9C75ED2FCE8237B50687F2F7"
"research/icsec2026/runs/full_20260830_seed20260830_n30/raw/R041_P02/g431.log","1206","2026-08-29T19:16:28.2523611Z","8AE9919CF3E275186F3F14749E2AC7E43A2912CDE415BB5B2CD2C0B6D95BEF59"
"research/icsec2026/runs/full_20260830_seed20260830_n30/raw/R041_P02/g474.log","321","2026-08-29T19:16:27.9387156Z","B9B98653174CF3E825762720F61E5F8340FA5B9CBFB63BFEB1844E117FB9772F"
"research/icsec2026/runs/full_20260830_seed20260830_n30/raw/R042_P02/g431.log","1600","2026-08-29T19:16:37.7301355Z","C8CBB97BF4AE1D8861B930154AC357C67E26DFF1C27E2AAF49DA347BA9FD1270"
"research/icsec2026/runs/full_20260830_seed20260830_n30/raw/R042_P02/g474.log","321","2026-08-29T19:16:37.3645972Z","2E3C7F564447817ACC59C424F84236B7CA80B31C69B0353FEA838AEE3CDCDFCE"
"research/icsec2026/runs/full_20260830_seed20260830_n30/raw/R043_P01/g431.log","1464","2026-08-29T19:16:46.7455992Z","F858212AFCD9026B60DB30775D0B6F746423BBF1EF64833F7732532460008C54"
"research/icsec2026/runs/full_20260830_seed20260830_n30/raw/R043_P01/g474.log","318","2026-08-29T19:16:46.6661882Z","A8D0B586B23971B7C6738974592A7DE6CCA1AE5D632C9A825E8B1A0CD9B37BDE"
"research/icsec2026/runs/full_20260830_seed20260830_n30/raw/R044_P01/g431.log","1464","2026-08-29T19:16:56.2448742Z","2EA78B397DFE898069DD6A9C5C1389455A4074A186C0DDD0A4D541C03E797593"
"research/icsec2026/runs/full_20260830_seed20260830_n30/raw/R044_P01/g474.log","318","2026-08-29T19:16:55.8546860Z","6AFF5B5E234A43AF82F7BCB47E7F13BC7D6566F2142FEAF0C68DD80D80ECB052"
"research/icsec2026/runs/full_20260830_seed20260830_n30/raw/R045_P02/g431.log","1597","2026-08-29T19:17:06.2001945Z","6F914ABC491D9020B822A205C2B670F29294BAD61F385F563AB008EE4BD71058"
"research/icsec2026/runs/full_20260830_seed20260830_n30/raw/R045_P02/g474.log","321","2026-08-29T19:17:05.6656547Z","7F7B3438906540FD7D95CB27CC7D559D08FB03D0B715CC833ABA42DFB56CD87F"
"research/icsec2026/runs/full_20260830_seed20260830_n30/raw/R046_P01/g431.log","1461","2026-08-29T19:17:16.1771904Z","057CDCCE89127E919A8A89228DBA168D347339A70ECE917E1C428EA94E6874B3"
"research/icsec2026/runs/full_20260830_seed20260830_n30/raw/R046_P01/g474.log","318","2026-08-29T19:17:15.4230779Z","07EBFAB51EC7962ECF65C791F10CD1B9F82219F0A8A49331819C30F55892F2B2"
"research/icsec2026/runs/full_20260830_seed20260830_n30/raw/R047_P02/g431.log","1597","2026-08-29T19:17:26.1509365Z","4B794CBE0E3ACC69C1F53E3C8DEDF4481926C264A3C653FD5057D77EA2FB377D"
"research/icsec2026/runs/full_20260830_seed20260830_n30/raw/R047_P02/g474.log","321","2026-08-29T19:17:25.1439152Z","7E367299C0968D7B9CEAFA215F09CA1D1B94932A31B1968F41C37BE8BF7D5119"
"research/icsec2026/runs/full_20260830_seed20260830_n30/raw/R048_P01/g431.log","1461","2026-08-29T19:17:36.1346627Z","89F50F4A0844DD7DDB2C37D1F817650A8A3946BC18A1D5409FF950438F04E3D4"
"research/icsec2026/runs/full_20260830_seed20260830_n30/raw/R048_P01/g474.log","318","2026-08-29T19:17:34.0436523Z","93DA61CF3DA2AC88E9F8EC90C6EB648C5169F522040DBA75023BABFA4C431AE7"
"research/icsec2026/runs/full_20260830_seed20260830_n30/raw/R049_P03/g431.log","1615","2026-08-29T19:17:46.1077117Z","414B32673B4F53F635F319CBB5CD4C7EB71C52427FB8EDE77D785E91026769FD"
"research/icsec2026/runs/full_20260830_seed20260830_n30/raw/R049_P03/g474.log","321","2026-08-29T19:17:43.4058040Z","FD5F1F44BF4334A5A4CF4A0B378F7802B0A66EF3B69F8F2896A1006126F8BC0C"
"research/icsec2026/runs/full_20260830_seed20260830_n30/raw/R050_P01/g431.log","1070","2026-08-29T19:17:53.0593855Z","86A77890DAD32352FC3BBEB9196EED731DCCAD582C11233C59873145A925E965"
"research/icsec2026/runs/full_20260830_seed20260830_n30/raw/R050_P01/g474.log","318","2026-08-29T19:17:52.8696045Z","559C9575225A04723E4175B8E86971D964CDDE20DB446744CF8894C3EEE54797"
"research/icsec2026/runs/full_20260830_seed20260830_n30/raw/R051_P03/g431.log","1615","2026-08-29T19:18:02.5854154Z","8ED57087E9DCBD7120E75470D06981FD260C4B9AB67F3843CFCD38F0C072D287"
"research/icsec2026/runs/full_20260830_seed20260830_n30/raw/R051_P03/g474.log","321","2026-08-29T19:18:02.3323625Z","21E47DA12B106D29233673B6A9F784FFCA0B6FDA55B8B1CC186B35A17FC16790"
"research/icsec2026/runs/full_20260830_seed20260830_n30/raw/R052_P01/g431.log","1464","2026-08-29T19:18:12.5609929Z","0509224344F5678271E2059E4C0EDA04CBA81EA9F0B1F4C0C7CE030C5B268BED"
"research/icsec2026/runs/full_20260830_seed20260830_n30/raw/R052_P01/g474.log","318","2026-08-29T19:18:12.1108286Z","6567A2CB425A10EA3A1EC6E0E10CC291393C6CEF12F1CCEED14AB1EFB2ECB768"
"research/icsec2026/runs/full_20260830_seed20260830_n30/raw/R053_P01/g431.log","1464","2026-08-29T19:18:21.5333447Z","61C326DCE26014DFC8EBD78FE4E4D01DDD8E6BF5C3084167ACB7533F13987127"
"research/icsec2026/runs/full_20260830_seed20260830_n30/raw/R053_P01/g474.log","318","2026-08-29T19:18:21.5015100Z","BB0BE9D9EFEA99F4983011F378E7177750C7550D5AB70E670B5B135014BAAA60"
"research/icsec2026/runs/full_20260830_seed20260830_n30/raw/R054_P03/g431.log","1615","2026-08-29T19:18:31.5132659Z","416C2654A30B5F262F78C839BCA2861CDFB2BAED41ABD285489AAE6FB2407D32"
"research/icsec2026/runs/full_20260830_seed20260830_n30/raw/R054_P03/g474.log","321","2026-08-29T19:18:31.4041993Z","7F4C49CE990A259193C5CF3906181CFF1AB947B64D018849B68AC14CBFD10E13"
"research/icsec2026/runs/full_20260830_seed20260830_n30/raw/R055_P01/g431.log","1464","2026-08-29T19:18:41.4861695Z","9B33960834E6626A4D2A8B60E829594CA5B92CED53FB351552D15541014426DD"
"research/icsec2026/runs/full_20260830_seed20260830_n30/raw/R055_P01/g474.log","318","2026-08-29T19:18:41.2522554Z","4EC4C49276498067206A5EC4C98A9C0D795A179BB46953D930B32A1A57F0228A"
"research/icsec2026/runs/full_20260830_seed20260830_n30/raw/R056_P02/g431.log","1600","2026-08-29T19:18:50.9811046Z","C4AF88DE81AE2D963A74CBB15CEFCDE6DFCDC1A57C3DD660BA3D9531EF879772"
"research/icsec2026/runs/full_20260830_seed20260830_n30/raw/R056_P02/g474.log","321","2026-08-29T19:18:50.6501426Z","2AA41B7A8AB60BDEFAC095D2393E0F726D7466C28858B974FC136C7AEB6A1BA1"
"research/icsec2026/runs/full_20260830_seed20260830_n30/raw/R057_P02/g431.log","1597","2026-08-29T19:19:00.9423539Z","E09B5A1F8865E00EE51A8F92EFE834A28D6E89D3E0AA4667F2C46D7545978213"
"research/icsec2026/runs/full_20260830_seed20260830_n30/raw/R057_P02/g474.log","321","2026-08-29T19:18:59.5643481Z","37D70BD4091334A5447C0CD8AD2DAF8BE37DF71663492E264466C754906971C3"
"research/icsec2026/runs/full_20260830_seed20260830_n30/raw/R058_P03/g431.log","1612","2026-08-29T19:19:10.9192763Z","9A0523D45D1F11B5A9B4A3B1AF1C91272BF0042F8CFD8906C1FDF486BF5334BA"
"research/icsec2026/runs/full_20260830_seed20260830_n30/raw/R058_P03/g474.log","321","2026-08-29T19:19:09.1822391Z","71CEDC1756AEDA38D01FC04CBDB30955BD400948F3CBFCA3B93A7A8D1E648963"
"research/icsec2026/runs/full_20260830_seed20260830_n30/raw/R059_P03/g431.log","1615","2026-08-29T19:19:20.8994822Z","7146D0948BFED4DC0D5F35D040683800E513FC2C0F8E819299152052FD983013"
"research/icsec2026/runs/full_20260830_seed20260830_n30/raw/R059_P03/g474.log","321","2026-08-29T19:19:18.3860017Z","02E4FFEC3D13458D24B5F0DACE43E5BFDD688129F4BD45BE767C500EDD4AC977"
"research/icsec2026/runs/full_20260830_seed20260830_n30/raw/R060_P01/g431.log","1464","2026-08-29T19:19:30.8768969Z","8C0BBB62D308E4E93DC89FE5F233431EFB769762A34A4D5AA81C16DE283A240A"
"research/icsec2026/runs/full_20260830_seed20260830_n30/raw/R060_P01/g474.log","318","2026-08-29T19:19:28.1033822Z","EFC9CE71DC157877EB1B93F09CD17C64C0E08D293152EC81A86152DD6070C9B3"
"research/icsec2026/runs/full_20260830_seed20260830_n30/raw/R061_P03/g431.log","1221","2026-08-29T19:19:37.3750135Z","B5315E490D5F2C652C55A29892738E79624C0860F21267941E01F64A3B55935B"
"research/icsec2026/runs/full_20260830_seed20260830_n30/raw/R061_P03/g474.log","321","2026-08-29T19:19:37.2022102Z","9334BD38D6150FE0AFD42E6C0C81EB0BF2B45187205D16868B92670E8979E068"
"research/icsec2026/runs/full_20260830_seed20260830_n30/raw/R062_P03/g431.log","1615","2026-08-29T19:19:46.8563673Z","079C8DDF35100BF815722B3AC08983E1B729FD54785D16119E1790AE7F2ADA34"
"research/icsec2026/runs/full_20260830_seed20260830_n30/raw/R062_P03/g474.log","321","2026-08-29T19:19:46.6177575Z","2E1016D2C8AAF583BF4CFE6573C21B8611C1B8253DB8BECF6A7521397C31236F"
"research/icsec2026/runs/full_20260830_seed20260830_n30/raw/R063_P02/g431.log","1600","2026-08-29T19:19:56.3324282Z","28F0376A82ECCF0C0039D8CC0745EF874F1FF69A28DEB38A26B1C65187A49BD8"
"research/icsec2026/runs/full_20260830_seed20260830_n30/raw/R063_P02/g474.log","321","2026-08-29T19:19:55.9710354Z","A6BAD8D3DD7FC58D3F2CD0BFEC5DFCAE954F4CCBCB356C70550C34F7F1FC5B9F"
"research/icsec2026/runs/full_20260830_seed20260830_n30/raw/R064_P02/g431.log","1597","2026-08-29T19:20:05.7975994Z","4842C49C3F4CE4FC1EECE6506AA21C7E8281E855C4375E26B1AA3E3F192CA51D"
"research/icsec2026/runs/full_20260830_seed20260830_n30/raw/R064_P02/g474.log","321","2026-08-29T19:20:04.8834844Z","F6CB2755935122CAA1DE494531F51D62829A1DC2A2AD89CAC722946A5673640D"
"research/icsec2026/runs/full_20260830_seed20260830_n30/raw/R065_P02/g431.log","1597","2026-08-29T19:20:15.7809918Z","6941F081E221B0EF093B0F15943C2178753245BA2625DF2BC1251FD4EFD16F35"
"research/icsec2026/runs/full_20260830_seed20260830_n30/raw/R065_P02/g474.log","321","2026-08-29T19:20:14.6706376Z","958B4DD3A6E976E63A716459F783BDB5923D7E06529A4912E0128E0C1BDE463B"
"research/icsec2026/runs/full_20260830_seed20260830_n30/raw/R066_P02/g431.log","1597","2026-08-29T19:20:25.7622068Z","8371D7C027041BCD7E05C6B937EE5A50E265F4CB733082D766C6E9409B152370"
"research/icsec2026/runs/full_20260830_seed20260830_n30/raw/R066_P02/g474.log","321","2026-08-29T19:20:24.3945422Z","2E8607444A5764854983F177A72077E596067B8C36237463E8674AC5B7AF6418"
"research/icsec2026/runs/full_20260830_seed20260830_n30/raw/R067_P01/g431.log","1461","2026-08-29T19:20:35.7301802Z","2C27F5F3B288147677566B0841AEE4C01357DA09C50D7E12CDFF065F364D971E"
"research/icsec2026/runs/full_20260830_seed20260830_n30/raw/R067_P01/g474.log","318","2026-08-29T19:20:33.3251580Z","DF34175673896FD983973CBF96ED7C824F74FE6883DE84865CB3B65DD7EC7674"
"research/icsec2026/runs/full_20260830_seed20260830_n30/raw/R068_P01/g431.log","1070","2026-08-29T19:20:42.7423717Z","47DEAAAFA4652E7C9CA488A46BF7A8F9F690F443100029F36E9CB89C4EE83F17"
"research/icsec2026/runs/full_20260830_seed20260830_n30/raw/R068_P01/g474.log","318","2026-08-29T19:20:42.4776605Z","1C81A7650D16F6280BF72CABDA19DC855FB3847DDB8530E9F8599AD344BCB24E"
"research/icsec2026/runs/full_20260830_seed20260830_n30/raw/R069_P01/g431.log","1464","2026-08-29T19:20:51.7038204Z","943ED3044033F3DAF324BE5234EFA09DDA5E1E4CF290F47F5F89D0B419A612CE"
"research/icsec2026/runs/full_20260830_seed20260830_n30/raw/R069_P01/g474.log","318","2026-08-29T19:20:51.6408098Z","3A117AC96BD5E8A4151B4C8968392C3D036B02940294088374F897F3EB41E6BA"
"research/icsec2026/runs/full_20260830_seed20260830_n30/raw/R070_P03/g431.log","1615","2026-08-29T19:21:01.1839758Z","2680262CD098F08EB5CDC18B11679341DE582F40FCD449074DB9B521EDC6C1C7"
"research/icsec2026/runs/full_20260830_seed20260830_n30/raw/R070_P03/g474.log","321","2026-08-29T19:21:00.9170438Z","277793469FCCC9F9F9C6BB637B3A58320EF443E909F86A8E812B0EA9B67B91C8"
"research/icsec2026/runs/full_20260830_seed20260830_n30/raw/R071_P02/g431.log","1597","2026-08-29T19:21:10.6661938Z","1811FB565A701BEB8AFF8C021BEDFCB289DD74C75F277A3BE51E3426095933C8"
"research/icsec2026/runs/full_20260830_seed20260830_n30/raw/R071_P02/g474.log","321","2026-08-29T19:21:10.0212698Z","C79C7FEAF8088B2A2567391FE6F0D1C9E2D73774366EEF36BE382288DCD3B69F"
"research/icsec2026/runs/full_20260830_seed20260830_n30/raw/R072_P03/g431.log","1612","2026-08-29T19:21:20.6347595Z","EDBE29B9D8229C92C5EBEF517B1389D763FB6AEC64F97F154C1B6A1468C66EF7"
"research/icsec2026/runs/full_20260830_seed20260830_n30/raw/R072_P03/g474.log","321","2026-08-29T19:21:19.3664929Z","8EC57F873BC0C13BCDF0BB510A06C86E728AD90EE3E35005A7A5A2C9C37A0C2D"
"research/icsec2026/runs/full_20260830_seed20260830_n30/raw/R073_P02/g431.log","1597","2026-08-29T19:21:30.6217485Z","FB1ADD6DA111375D5D70346B4D1E1C4BA9DBBAEA7D9CE0AF21E3D750E5DBF381"
"research/icsec2026/runs/full_20260830_seed20260830_n30/raw/R073_P02/g474.log","321","2026-08-29T19:21:28.5687958Z","069C07939CFEC1CCF4109FCC6FBFE0D67F92F3277B206BB2EB9B5CA513EC7B54"
"research/icsec2026/runs/full_20260830_seed20260830_n30/raw/R074_P03/g431.log","1612","2026-08-29T19:21:40.6025396Z","FB2D128336C202734BC0C54917536A429CD597D65508BA6B2F46F1CB42CC1282"
"research/icsec2026/runs/full_20260830_seed20260830_n30/raw/R074_P03/g474.log","321","2026-08-29T19:21:38.3355012Z","38C2FA8A41E7CAEEE60C1622B83AE15705ED9DF7219E058A5C9346E97A62B464"
"research/icsec2026/runs/full_20260830_seed20260830_n30/raw/R075_P01/g431.log","1464","2026-08-29T19:21:50.5816621Z","DB6AEE08B35990F8EC8FAFE17950ABE77577129695D1B605B76FD0A1D70F3C7F"
"research/icsec2026/runs/full_20260830_seed20260830_n30/raw/R075_P01/g474.log","318","2026-08-29T19:21:47.7695297Z","DC80C13C5718DA83C3698B16ECA7CF769C463BB792C136B761253787AB5E3E2C"
"research/icsec2026/runs/full_20260830_seed20260830_n30/raw/R076_P03/g431.log","1221","2026-08-29T19:21:57.5359145Z","8836BD846AD71D2AEC265BC181C8FEB7915D01BB9A85F488F581A7BD9D116E3D"
"research/icsec2026/runs/full_20260830_seed20260830_n30/raw/R076_P03/g474.log","321","2026-08-29T19:21:57.2848947Z","C5B57F264429D7A40975C0794C3645C71C2AEB0C02155756466F91532FB19039"
"research/icsec2026/runs/full_20260830_seed20260830_n30/raw/R077_P03/g431.log","1615","2026-08-29T19:22:06.5625574Z","397F254E5733F387548DCDC0F3393BE480CB9960C075865F08E8405FBE0DFA53"
"research/icsec2026/runs/full_20260830_seed20260830_n30/raw/R077_P03/g474.log","321","2026-08-29T19:22:06.2790220Z","76CB471B552A892E806B6B898CAC6FEFA2ED8731365B948B7CBA01018D9171D6"
"research/icsec2026/runs/full_20260830_seed20260830_n30/raw/R078_P03/g431.log","1615","2026-08-29T19:22:15.5305476Z","0E75263BDA2A267A0F2EDCB8E930A665EB81559676F175E8B889D319B55C4065"
"research/icsec2026/runs/full_20260830_seed20260830_n30/raw/R078_P03/g474.log","321","2026-08-29T19:22:15.3432554Z","098BDF135F27272171B6BA61E7968CDBB7A69AC60B6831CE037AC0940F00D714"
"research/icsec2026/runs/full_20260830_seed20260830_n30/raw/R079_P01/g431.log","1467","2026-08-29T19:22:25.5221596Z","EB8D3373BA76467DD74FEE2C0CABB66E0042EE0ABF9824E917AC090C48AE80CD"
"research/icsec2026/runs/full_20260830_seed20260830_n30/raw/R079_P01/g474.log","318","2026-08-29T19:22:25.1590322Z","69D47608A58C1C0BBB4017BE904CB2F5E0E0F482D1EBF6C29AE42EEAC06F5B6C"
"research/icsec2026/runs/full_20260830_seed20260830_n30/raw/R080_P02/g431.log","1603","2026-08-29T19:22:35.4809058Z","C868DE9C0C38DFCB92A82732FA59BF1F358DDB93654547231E868EB20B40E491"
"research/icsec2026/runs/full_20260830_seed20260830_n30/raw/R080_P02/g474.log","321","2026-08-29T19:22:34.0936582Z","76298C285839A60CB611C2FDF0826ED72719F9518F51029C44F9B4762316FE84"
"research/icsec2026/runs/full_20260830_seed20260830_n30/raw/R081_P03/g431.log","1618","2026-08-29T19:22:45.4644436Z","77A22E6E6C0CEA4E730E30DCDDE71F829C8B82E74C4403B4C23A742D8ACEB3CE"
"research/icsec2026/runs/full_20260830_seed20260830_n30/raw/R081_P03/g474.log","321","2026-08-29T19:22:43.7159818Z","5770DD09E0DA70B88889231F5752C1E9D9BAED01CDE97D746AA980E0103271A2"
"research/icsec2026/runs/full_20260830_seed20260830_n30/raw/R082_P01/g431.log","1470","2026-08-29T19:22:55.4395116Z","3AE6457D281FB3997CB743794E9A54A850EB6A3AA8AA53C52F1B1505D3DACBC7"
"research/icsec2026/runs/full_20260830_seed20260830_n30/raw/R082_P01/g474.log","318","2026-08-29T19:22:52.7671091Z","EE35B57D7F8B2EAA1D1CDCBA2E788D4559DA33F75FE24AEFF2713CE2268734B6"
"research/icsec2026/runs/full_20260830_seed20260830_n30/raw/R083_P01/g431.log","1073","2026-08-29T19:23:02.4363072Z","AD416D6961BFECEEE24061364619DA2442E066FD7F93A5E33623C582A540E993"
"research/icsec2026/runs/full_20260830_seed20260830_n30/raw/R083_P01/g474.log","318","2026-08-29T19:23:02.0736728Z","6B73F594D67DB74E787ADE2AA6FDA37C40E7F63E429CFD025176943827C538EE"
"research/icsec2026/runs/full_20260830_seed20260830_n30/raw/R084_P01/g431.log","1470","2026-08-29T19:23:11.9157392Z","2CB5D98DB0046A86074C28DDD2A9D143A6D6BF3AF879C4B1FA3AA7A59E1A0228"
"research/icsec2026/runs/full_20260830_seed20260830_n30/raw/R084_P01/g474.log","318","2026-08-29T19:23:11.5045490Z","CD641C401BC72FC19CB7E700FBF8E5E72201B9E803B046D27FB180B25626818B"
"research/icsec2026/runs/full_20260830_seed20260830_n30/raw/R085_P02/g431.log","1606","2026-08-29T19:23:21.3908931Z","D4EC4DCBCA98D24B1A88D5F977E62E4E93A77EFA5D6F04B1A8BC7DB79BC577DA"
"research/icsec2026/runs/full_20260830_seed20260830_n30/raw/R085_P02/g474.log","321","2026-08-29T19:23:20.8680934Z","FF05F3354B6F47662281C137639BAA4A877DB41A4B684ABD9D95A908B080D141"
"research/icsec2026/runs/full_20260830_seed20260830_n30/raw/R086_P02/g431.log","1603","2026-08-29T19:23:30.3639607Z","AA7F92C27CC3C46C6578DF16E86F6B7401DF3722E78BA58EA407BBB3BC6AE60B"
"research/icsec2026/runs/full_20260830_seed20260830_n30/raw/R086_P02/g474.log","321","2026-08-29T19:23:29.8149376Z","B23E3FD3E4792B283D604124324F27A8A80A25DAE857C6E0BE89A156A712A14B"
"research/icsec2026/runs/full_20260830_seed20260830_n30/raw/R087_P02/g431.log","1603","2026-08-29T19:23:40.3454653Z","C99C7910838AA86E7580EAAEF0A6F0DBE24B7846C9ED40909669E5BCF7B0C840"
"research/icsec2026/runs/full_20260830_seed20260830_n30/raw/R087_P02/g474.log","321","2026-08-29T19:23:39.1135175Z","AB82E43937FE4B25549855D3B7233FA7EF7B9ADCD3FAFCB1D2F274498B3BB07C"
"research/icsec2026/runs/full_20260830_seed20260830_n30/raw/R088_P03/g431.log","1618","2026-08-29T19:23:50.3160744Z","C5FDA2CB76C3DA3FE7B9976BB694C20F37E0B7710EDA0B7FEC49C2B333965F80"
"research/icsec2026/runs/full_20260830_seed20260830_n30/raw/R088_P03/g474.log","321","2026-08-29T19:23:48.0336547Z","4D1D9E05DD944A934B7DD87E31BE1EEE2C86281A9677A2905399084855F3E444"
"research/icsec2026/runs/full_20260830_seed20260830_n30/raw/R089_P03/g431.log","1224","2026-08-29T19:23:57.3081019Z","8827DD6C950A0C7437FE9B2107EDBE02F28EA9C19F6F03397F78807B1C5D9C52"
"research/icsec2026/runs/full_20260830_seed20260830_n30/raw/R089_P03/g474.log","321","2026-08-29T19:23:57.2147599Z","2B7E981AFB9CA561EBB47371A9F0AF2ECC7AC06A681C78AE87B8D9F8E34FA645"
"research/icsec2026/runs/full_20260830_seed20260830_n30/raw/R090_P02/g431.log","1606","2026-08-29T19:24:06.2848777Z","08A9F31E509E23DAACCA5302E794F8284A91BA1BEAC026EE717DD053DBECCCA6"
"research/icsec2026/runs/full_20260830_seed20260830_n30/raw/R090_P02/g474.log","321","2026-08-29T19:24:06.2233708Z","3F86FBFCAC747D62EEE93B7BE9045B41FD5C404AE0D4446A106A715D04E08A4E"
"research/icsec2026/runs/full_20260830_seed20260830_n30/results.csv","29986","2026-08-29T19:24:09.2308113Z","770FB1FEF5BFD6B529906B35CBA67D9BAC2887DED241EA38D8CB914A157478CE"
"research/icsec2026/runs/full_20260830_seed20260830_n30/run_plan.csv","2806","2026-08-29T19:10:07.3729133Z","08BCBDD505DA95460ABFADE719411409501DE7B6F40BE648B30CB4E986F051B7"
"research/icsec2026/runs/full_20260830_seed20260830_n30/SHA256SUMS.csv","28602","2026-08-29T19:27:27.1157740Z","DC7A2CD54F1CF1E3DA9E3F35DCACFD921E2F5D8828BF2411C4F7874252C5CCCD"
"research/icsec2026/runs/full_20260830_seed20260830_n30/summary.json","3901","2026-08-29T19:26:24.0989691Z","124554F98A93639B4C2C8C18A708DC14A1D5673823A4CD2F84DB0F563083E1CA"
"research/icsec2026/runs/full_20260830_seed20260830_n30/validation.json","328","2026-08-29T19:26:24.0959723Z","D06426EE043D32B032FA3267E7A8DDAB0AD345FD1F69807E93E9F47507BA84EB"
"research/icsec2026/runs/n0_post_20260830_0224/g431.log","5161","2026-08-29T19:25:40.0813155Z","65E9D27B36BFAECB846212D320038671D398F472BBB2ECE486429969A0F0E795"
"research/icsec2026/runs/n0_post_20260830_0224/g474.log","106","2026-08-29T19:24:38.1954284Z","86DE062DAB326A4D15375B55481DBEE4A607069ED586D348D612EA1244ED1311"
"research/icsec2026/runs/n0_post_20260830_0224/manifest.json","711","2026-08-29T19:25:43.1983892Z","5681822B48FD8B210BE10F3575F932D7D6FA0A311831B5BFC735AB4EED527031"
"research/icsec2026/runs/n0_post_20260830_0224/validation.json","3408","2026-08-29T19:25:43.1973884Z","B3EF1165183D2EEBB0049B11D006A602D2EE36AE5669BD8EA5E92BA091E095F1"
"research/icsec2026/runs/n0_pre_20260830_0205/g431.log","4927","2026-08-29T19:09:32.2430645Z","E6E89E51487EB1D7CE1D8CEF6B3BE75FD1BD48726BA8873C875E7E5C1BB527FF"
"research/icsec2026/runs/n0_pre_20260830_0205/g474.log","106","2026-08-29T19:08:30.2238984Z","C67B72C2775689C0B0A1B7E672B23DD63F68400BBB4858264D17AC848870457A"
"research/icsec2026/runs/n0_pre_20260830_0205/manifest.json","709","2026-08-29T19:09:35.2264407Z","626E1F38687DF0514B14152B0D04CADA71A303CC43EC55A39F1BBEF7DAC88CC4"
"research/icsec2026/runs/n0_pre_20260830_0205/validation.json","3329","2026-08-29T19:09:35.2254408Z","872BA8EFD5E8F3505C6DEC62AFCAAC59A892D1ED407DDE67E7256B631FBEAA12"
"research/icsec2026/SESSION_STATE.md","35656","2026-08-30T02:53:25.2359916Z","7B896DFB19A1CF397AE6F116C5A5355DFCD44A4F3533AD4E4F1BDB4F2A97F2E1"
"TRANSFER_README.md","5396","2026-09-01T12:17:00.9211935Z","70881E6C3CED87E67670112C356D13F3235C4D11F6FCEB2391A26D0F260A5BD1"
