run_id,fault_id,fault_mode,seed,activation_confirmed,activation_host_time,injection_host_time,detection_observed,detection_event,detection_host_time,detection_latency_ms,offline_observed,restore_command_host_time,restore_confirmation_host_time,recovery_observed,recovery_host_time,recovery_time_ms,controller_restart_marker_observed,outcome,invalid_reason
R001_P03,P03,DELAYED,20260830,True,2026-08-29T19:10:09.626266+00:00,2026-08-29T19:10:09.592027+00:00,True,[OBC] PAYLOAD_TIMEOUT consecutive=1,2026-08-29T19:10:09.749855+00:00,156.0,True,2026-08-29T19:10:13.628294+00:00,2026-08-29T19:10:13.878806+00:00,True,2026-08-29T19:10:14.155428+00:00,531.0,False,DETECTED_RECOVERY_OBSERVED,
R002_P03,P03,DELAYED,20260830,True,2026-08-29T19:10:18.819269+00:00,2026-08-29T19:10:18.763669+00:00,True,[OBC] PAYLOAD_TIMEOUT consecutive=1,2026-08-29T19:10:19.211704+00:00,453.0,True,2026-08-29T19:10:22.822069+00:00,2026-08-29T19:10:22.879372+00:00,True,2026-08-29T19:10:23.113490+00:00,282.0,False,DETECTED_RECOVERY_OBSERVED,
R003_P03,P03,DELAYED,20260830,True,2026-08-29T19:10:28.012702+00:00,2026-08-29T19:10:27.980338+00:00,True,[OBC] PAYLOAD_TIMEOUT consecutive=1,2026-08-29T19:10:28.185286+00:00,203.0,True,2026-08-29T19:10:32.014704+00:00,2026-08-29T19:10:32.076680+00:00,True,2026-08-29T19:10:32.122451+00:00,109.0,False,DETECTED_RECOVERY_OBSERVED,
R004_P01,P01,SILENT,20260830,True,2026-08-29T19:10:37.852089+00:00,2026-08-29T19:10:37.821525+00:00,True,[OBC] PAYLOAD_TIMEOUT consecutive=1,2026-08-29T19:10:38.163641+00:00,328.0,True,2026-08-29T19:10:41.854629+00:00,2026-08-29T19:10:41.912692+00:00,True,2026-08-29T19:10:42.101511+00:00,250.0,False,DETECTED_RECOVERY_OBSERVED,
R005_P02,P02,BAD_CRC,20260830,True,2026-08-29T19:10:47.659443+00:00,2026-08-29T19:10:47.606437+00:00,True,[OBC] PAYLOAD_REJECT reason=CRC,2026-08-29T19:10:48.083087+00:00,468.0,True,2026-08-29T19:10:51.661962+00:00,2026-08-29T19:10:51.727914+00:00,True,2026-08-29T19:10:52.072529+00:00,422.0,False,DETECTED_RECOVERY_OBSERVED,
R006_P01,P01,SILENT,20260830,True,2026-08-29T19:10:57.283110+00:00,2026-08-29T19:10:57.241301+00:00,True,[OBC] PAYLOAD_TIMEOUT consecutive=1,2026-08-29T19:10:57.612633+00:00,375.0,True,2026-08-29T19:11:01.285906+00:00,2026-08-29T19:11:01.345943+00:00,True,2026-08-29T19:11:01.548616+00:00,266.0,False,DETECTED_RECOVERY_OBSERVED,
R007_P03,P03,DELAYED,20260830,True,2026-08-29T19:11:06.478482+00:00,2026-08-29T19:11:06.440040+00:00,True,[OBC] PAYLOAD_TIMEOUT consecutive=1,2026-08-29T19:11:06.619170+00:00,187.0,True,2026-08-29T19:11:10.480898+00:00,2026-08-29T19:11:10.786228+00:00,True,2026-08-29T19:11:11.019118+00:00,531.0,False,DETECTED_RECOVERY_OBSERVED,
R008_P01,P01,SILENT,20260830,True,2026-08-29T19:11:16.276362+00:00,2026-08-29T19:11:16.212361+00:00,True,[OBC] PAYLOAD_TIMEOUT consecutive=1,2026-08-29T19:11:16.573741+00:00,359.0,True,2026-08-29T19:11:20.279985+00:00,2026-08-29T19:11:20.287054+00:00,True,2026-08-29T19:11:20.504806+00:00,219.0,False,DETECTED_RECOVERY_OBSERVED,
R009_P03,P03,DELAYED,20260830,True,2026-08-29T19:11:25.780214+00:00,2026-08-29T19:11:25.718647+00:00,True,[OBC] PAYLOAD_TIMEOUT consecutive=1,2026-08-29T19:11:26.047997+00:00,328.0,True,2026-08-29T19:11:29.788740+00:00,2026-08-29T19:11:29.845941+00:00,True,2026-08-29T19:11:29.988412+00:00,188.0,False,DETECTED_RECOVERY_OBSERVED,
R010_P02,P02,BAD_CRC,20260830,True,2026-08-29T19:11:35.480178+00:00,2026-08-29T19:11:35.445174+00:00,True,[OBC] PAYLOAD_REJECT reason=CRC,2026-08-29T19:11:35.970212+00:00,516.0,True,2026-08-29T19:11:39.483601+00:00,2026-08-29T19:11:39.538066+00:00,True,2026-08-29T19:11:39.943774+00:00,453.0,False,DETECTED_RECOVERY_OBSERVED,
R011_P02,P02,BAD_CRC,20260830,True,2026-08-29T19:11:44.655100+00:00,2026-08-29T19:11:44.595258+00:00,True,[OBC] PAYLOAD_REJECT reason=CRC,2026-08-29T19:11:44.933829+00:00,344.0,True,2026-08-29T19:11:48.658000+00:00,2026-08-29T19:11:48.709156+00:00,True,2026-08-29T19:11:48.926952+00:00,266.0,False,DETECTED_RECOVERY_OBSERVED,
R012_P02,P02,BAD_CRC,20260830,True,2026-08-29T19:11:53.792496+00:00,2026-08-29T19:11:53.771417+00:00,True,[OBC] PAYLOAD_REJECT reason=CRC,2026-08-29T19:11:53.917627+00:00,156.0,True,2026-08-29T19:11:57.796578+00:00,2026-08-29T19:11:57.847064+00:00,True,2026-08-29T19:11:57.908955+00:00,109.0,False,DETECTED_RECOVERY_OBSERVED,
R013_P03,P03,DELAYED,20260830,True,2026-08-29T19:12:03.410744+00:00,2026-08-29T19:12:03.347491+00:00,True,[OBC] PAYLOAD_TIMEOUT consecutive=1,2026-08-29T19:12:03.959523+00:00,609.0,True,2026-08-29T19:12:07.415235+00:00,2026-08-29T19:12:07.605861+00:00,True,2026-08-29T19:12:07.886736+00:00,469.0,False,DETECTED_RECOVERY_OBSERVED,
R014_P02,P02,BAD_CRC,20260830,True,2026-08-29T19:12:13.058173+00:00,2026-08-29T19:12:12.998012+00:00,True,[OBC] PAYLOAD_REJECT reason=CRC,2026-08-29T19:12:13.372690+00:00,375.0,True,2026-08-29T19:12:17.061580+00:00,2026-08-29T19:12:17.120314+00:00,True,2026-08-29T19:12:17.369289+00:00,312.0,False,DETECTED_RECOVERY_OBSERVED,
R015_P01,P01,SILENT,20260830,True,2026-08-29T19:12:22.013071+00:00,2026-08-29T19:12:21.966755+00:00,True,[OBC] PAYLOAD_TIMEOUT consecutive=1,2026-08-29T19:12:22.421180+00:00,453.0,True,2026-08-29T19:12:26.016191+00:00,2026-08-29T19:12:26.034705+00:00,True,2026-08-29T19:12:26.316631+00:00,297.0,False,DETECTED_RECOVERY_OBSERVED,
R016_P03,P03,DELAYED,20260830,True,2026-08-29T19:12:30.869620+00:00,2026-08-29T19:12:30.819443+00:00,True,[OBC] PAYLOAD_TIMEOUT consecutive=1,2026-08-29T19:12:31.415223+00:00,609.0,True,2026-08-29T19:12:34.872281+00:00,2026-08-29T19:12:35.058762+00:00,True,2026-08-29T19:12:35.326844+00:00,453.0,False,DETECTED_RECOVERY_OBSERVED,
R017_P03,P03,DELAYED,20260830,True,2026-08-29T19:12:40.052937+00:00,2026-08-29T19:12:40.022787+00:00,True,[OBC] PAYLOAD_TIMEOUT consecutive=1,2026-08-29T19:12:40.365642+00:00,344.0,True,2026-08-29T19:12:44.056045+00:00,2026-08-29T19:12:44.120045+00:00,True,2026-08-29T19:12:44.292442+00:00,234.0,False,DETECTED_RECOVERY_OBSERVED,
R018_P01,P01,SILENT,20260830,True,2026-08-29T19:12:49.172261+00:00,2026-08-29T19:12:49.119258+00:00,True,[OBC] PAYLOAD_TIMEOUT consecutive=1,2026-08-29T19:12:49.345002+00:00,219.0,True,2026-08-29T19:12:53.176001+00:00,2026-08-29T19:12:53.239944+00:00,True,2026-08-29T19:12:53.285826+00:00,109.0,False,DETECTED_RECOVERY_OBSERVED,
R019_P02,P02,BAD_CRC,20260830,True,2026-08-29T19:12:58.873118+00:00,2026-08-29T19:12:58.814608+00:00,True,[OBC] PAYLOAD_REJECT reason=CRC,2026-08-29T19:12:59.280300+00:00,468.0,True,2026-08-29T19:13:02.876394+00:00,2026-08-29T19:13:02.934489+00:00,True,2026-08-29T19:13:03.265438+00:00,391.0,False,DETECTED_RECOVERY_OBSERVED,
R020_P02,P02,BAD_CRC,20260830,True,2026-08-29T19:13:08.132888+00:00,2026-08-29T19:13:08.113989+00:00,True,[OBC] PAYLOAD_REJECT reason=CRC,2026-08-29T19:13:08.241746+00:00,125.0,True,2026-08-29T19:13:12.135840+00:00,2026-08-29T19:13:12.147838+00:00,True,2026-08-29T19:13:12.240814+00:00,94.0,False,DETECTED_RECOVERY_OBSERVED,
R021_P03,P03,DELAYED,20260830,True,2026-08-29T19:13:17.033201+00:00,2026-08-29T19:13:17.009187+00:00,True,[OBC] PAYLOAD_TIMEOUT consecutive=1,2026-08-29T19:13:17.286809+00:00,265.0,True,2026-08-29T19:13:21.036847+00:00,2026-08-29T19:13:21.050314+00:00,True,2026-08-29T19:13:21.176207+00:00,141.0,False,DETECTED_RECOVERY_OBSERVED,
R022_P02,P02,BAD_CRC,20260830,True,2026-08-29T19:13:26.189554+00:00,2026-08-29T19:13:26.182556+00:00,True,[OBC] PAYLOAD_REJECT reason=CRC,2026-08-29T19:13:26.719239+00:00,531.0,True,2026-08-29T19:13:30.193465+00:00,2026-08-29T19:13:30.252826+00:00,True,2026-08-29T19:13:30.663269+00:00,468.0,False,DETECTED_RECOVERY_OBSERVED,
R023_P03,P03,DELAYED,20260830,True,2026-08-29T19:13:35.374579+00:00,2026-08-29T19:13:35.351577+00:00,True,[OBC] PAYLOAD_TIMEOUT consecutive=1,2026-08-29T19:13:35.749300+00:00,390.0,True,2026-08-29T19:13:39.378325+00:00,2026-08-29T19:13:39.430976+00:00,True,2026-08-29T19:13:39.665822+00:00,297.0,False,DETECTED_RECOVERY_OBSERVED,
R024_P03,P03,DELAYED,20260830,True,2026-08-29T19:13:44.283129+00:00,2026-08-29T19:13:44.225128+00:00,True,[OBC] PAYLOAD_TIMEOUT consecutive=1,2026-08-29T19:13:44.769972+00:00,547.0,True,2026-08-29T19:13:48.287311+00:00,2026-08-29T19:13:48.395157+00:00,True,2026-08-29T19:13:48.618178+00:00,344.0,False,DETECTED_RECOVERY_OBSERVED,
R025_P02,P02,BAD_CRC,20260830,True,2026-08-29T19:13:54.147917+00:00,2026-08-29T19:13:54.109917+00:00,True,[OBC] PAYLOAD_REJECT reason=CRC,2026-08-29T19:13:54.622994+00:00,515.0,True,2026-08-29T19:13:58.152008+00:00,2026-08-29T19:13:58.197516+00:00,True,2026-08-29T19:13:58.593563+00:00,438.0,False,DETECTED_RECOVERY_OBSERVED,
R026_P01,P01,SILENT,20260830,True,2026-08-29T19:14:03.202430+00:00,2026-08-29T19:14:03.165921+00:00,True,[OBC] PAYLOAD_TIMEOUT consecutive=1,2026-08-29T19:14:03.706996+00:00,531.0,True,2026-08-29T19:14:07.205896+00:00,2026-08-29T19:14:07.250895+00:00,True,2026-08-29T19:14:07.626865+00:00,422.0,False,DETECTED_RECOVERY_OBSERVED,
R027_P02,P02,BAD_CRC,20260830,True,2026-08-29T19:14:12.689880+00:00,2026-08-29T19:14:12.626875+00:00,True,[OBC] PAYLOAD_REJECT reason=CRC,2026-08-29T19:14:13.065178+00:00,438.0,True,2026-08-29T19:14:16.693743+00:00,2026-08-29T19:14:16.732252+00:00,True,2026-08-29T19:14:17.095619+00:00,406.0,False,DETECTED_RECOVERY_OBSERVED,
R028_P01,P01,SILENT,20260830,True,2026-08-29T19:14:22.111705+00:00,2026-08-29T19:14:22.077196+00:00,True,[OBC] PAYLOAD_TIMEOUT consecutive=1,2026-08-29T19:14:22.647271+00:00,563.0,True,2026-08-29T19:14:26.116065+00:00,2026-08-29T19:14:26.159064+00:00,True,2026-08-29T19:14:26.583108+00:00,468.0,False,DETECTED_RECOVERY_OBSERVED,
R029_P03,P03,DELAYED,20260830,True,2026-08-29T19:14:31.856759+00:00,2026-08-29T19:14:31.823763+00:00,True,[OBC] PAYLOAD_TIMEOUT consecutive=1,2026-08-29T19:14:32.122294+00:00,297.0,True,2026-08-29T19:14:35.861188+00:00,2026-08-29T19:14:35.904692+00:00,True,2026-08-29T19:14:36.047210+00:00,187.0,False,DETECTED_RECOVERY_OBSERVED,
R030_P02,P02,BAD_CRC,20260830,True,2026-08-29T19:14:41.340472+00:00,2026-08-29T19:14:41.286961+00:00,True,[OBC] PAYLOAD_REJECT reason=CRC,2026-08-29T19:14:41.547496+00:00,266.0,True,2026-08-29T19:14:45.345706+00:00,2026-08-29T19:14:45.390711+00:00,True,2026-08-29T19:14:45.531342+00:00,187.0,False,DETECTED_RECOVERY_OBSERVED,
R031_P01,P01,SILENT,20260830,True,2026-08-29T19:14:50.325248+00:00,2026-08-29T19:14:50.264737+00:00,True,[OBC] PAYLOAD_TIMEOUT consecutive=1,2026-08-29T19:14:50.578277+00:00,312.0,True,2026-08-29T19:14:54.329027+00:00,2026-08-29T19:14:54.369027+00:00,True,2026-08-29T19:14:54.480081+00:00,157.0,False,DETECTED_RECOVERY_OBSERVED,
R032_P01,P01,SILENT,20260830,True,2026-08-29T19:14:59.310093+00:00,2026-08-29T19:14:59.260586+00:00,True,[OBC] PAYLOAD_TIMEOUT consecutive=1,2026-08-29T19:14:59.547121+00:00,281.0,True,2026-08-29T19:15:03.314713+00:00,2026-08-29T19:15:03.358711+00:00,True,2026-08-29T19:15:03.453936+00:00,140.0,False,DETECTED_RECOVERY_OBSERVED,
R033_P01,P01,SILENT,20260830,True,2026-08-29T19:15:08.927898+00:00,2026-08-29T19:15:08.884384+00:00,True,[OBC] PAYLOAD_TIMEOUT consecutive=1,2026-08-29T19:15:09.070411+00:00,187.0,True,2026-08-29T19:15:12.932469+00:00,2026-08-29T19:15:12.975469+00:00,True,2026-08-29T19:15:13.431786+00:00,500.0,False,DETECTED_RECOVERY_OBSERVED,
R034_P02,P02,BAD_CRC,20260830,True,2026-08-29T19:15:17.846873+00:00,2026-08-29T19:15:17.783364+00:00,True,[OBC] PAYLOAD_REJECT reason=CRC,2026-08-29T19:15:17.910874+00:00,125.0,True,2026-08-29T19:15:21.850569+00:00,2026-08-29T19:15:21.902573+00:00,True,2026-08-29T19:15:21.950082+00:00,109.0,False,DETECTED_RECOVERY_OBSERVED,
R035_P03,P03,DELAYED,20260830,True,2026-08-29T19:15:27.334374+00:00,2026-08-29T19:15:27.271865+00:00,True,[OBC] PAYLOAD_TIMEOUT consecutive=1,2026-08-29T19:15:27.507893+00:00,250.0,True,2026-08-29T19:15:31.338707+00:00,2026-08-29T19:15:31.387704+00:00,True,2026-08-29T19:15:31.434214+00:00,94.0,False,DETECTED_RECOVERY_OBSERVED,
R036_P02,P02,BAD_CRC,20260830,True,2026-08-29T19:15:36.767402+00:00,2026-08-29T19:15:36.734403+00:00,True,[OBC] PAYLOAD_REJECT reason=CRC,2026-08-29T19:15:36.910912+00:00,171.0,True,2026-08-29T19:15:40.772721+00:00,2026-08-29T19:15:40.816723+00:00,True,2026-08-29T19:15:40.896231+00:00,125.0,False,DETECTED_RECOVERY_OBSERVED,
R037_P01,P01,SILENT,20260830,True,2026-08-29T19:15:46.574566+00:00,2026-08-29T19:15:46.520056+00:00,True,[OBC] PAYLOAD_TIMEOUT consecutive=1,2026-08-29T19:15:46.954618+00:00,437.0,True,2026-08-29T19:15:50.579748+00:00,2026-08-29T19:15:50.626248+00:00,True,2026-08-29T19:15:50.876657+00:00,297.0,False,DETECTED_RECOVERY_OBSERVED,
R038_P01,P01,SILENT,20260830,True,2026-08-29T19:15:55.675038+00:00,2026-08-29T19:15:55.629037+00:00,True,[OBC] PAYLOAD_TIMEOUT consecutive=1,2026-08-29T19:15:55.977566+00:00,360.0,True,2026-08-29T19:15:59.679694+00:00,2026-08-29T19:15:59.724698+00:00,True,2026-08-29T19:15:59.834654+00:00,140.0,False,DETECTED_RECOVERY_OBSERVED,
R039_P01,P01,SILENT,20260830,True,2026-08-29T19:16:04.966798+00:00,2026-08-29T19:16:04.904285+00:00,True,[OBC] PAYLOAD_TIMEOUT consecutive=1,2026-08-29T19:16:05.393490+00:00,485.0,True,2026-08-29T19:16:08.971198+00:00,2026-08-29T19:16:09.020207+00:00,True,2026-08-29T19:16:09.320751+00:00,359.0,False,DETECTED_RECOVERY_OBSERVED,
R040_P03,P03,DELAYED,20260830,True,2026-08-29T19:16:14.335634+00:00,2026-08-29T19:16:14.283116+00:00,True,[OBC] PAYLOAD_TIMEOUT consecutive=1,2026-08-29T19:16:14.874814+00:00,594.0,True,2026-08-29T19:16:18.341713+00:00,2026-08-29T19:16:18.579746+00:00,True,2026-08-29T19:16:18.784784+00:00,437.0,False,DETECTED_RECOVERY_OBSERVED,
R041_P02,P02,BAD_CRC,20260830,True,2026-08-29T19:16:23.890680+00:00,2026-08-29T19:16:23.837679+00:00,True,[OBC] PAYLOAD_REJECT reason=CRC,2026-08-29T19:16:24.268465+00:00,422.0,True,2026-08-29T19:16:27.896207+00:00,2026-08-29T19:16:27.938715+00:00,True,2026-08-29T19:16:28.252361+00:00,359.0,False,DETECTED_RECOVERY_OBSERVED,
R042_P02,P02,BAD_CRC,20260830,True,2026-08-29T19:16:33.312336+00:00,2026-08-29T19:16:33.260338+00:00,True,[OBC] PAYLOAD_REJECT reason=CRC,2026-08-29T19:16:33.757458+00:00,500.0,True,2026-08-29T19:16:37.319087+00:00,2026-08-29T19:16:37.364597+00:00,True,2026-08-29T19:16:37.730135+00:00,422.0,False,DETECTED_RECOVERY_OBSERVED,
R043_P01,P01,SILENT,20260830,True,2026-08-29T19:16:42.617944+00:00,2026-08-29T19:16:42.563903+00:00,True,[OBC] PAYLOAD_TIMEOUT consecutive=1,2026-08-29T19:16:42.839695+00:00,281.0,True,2026-08-29T19:16:46.622678+00:00,2026-08-29T19:16:46.666188+00:00,True,2026-08-29T19:16:46.745599+00:00,125.0,False,DETECTED_RECOVERY_OBSERVED,
R044_P01,P01,SILENT,20260830,True,2026-08-29T19:16:51.830107+00:00,2026-08-29T19:16:51.804240+00:00,True,[OBC] PAYLOAD_TIMEOUT consecutive=1,2026-08-29T19:16:52.303407+00:00,500.0,True,2026-08-29T19:16:55.834509+00:00,2026-08-29T19:16:55.854686+00:00,True,2026-08-29T19:16:56.244874+00:00,422.0,False,DETECTED_RECOVERY_OBSERVED,
R045_P02,P02,BAD_CRC,20260830,True,2026-08-29T19:17:01.641272+00:00,2026-08-29T19:17:01.592804+00:00,True,[OBC] PAYLOAD_REJECT reason=CRC,2026-08-29T19:17:01.721356+00:00,125.0,True,2026-08-29T19:17:05.646397+00:00,2026-08-29T19:17:05.665654+00:00,True,2026-08-29T19:17:05.681655+00:00,47.0,False,DETECTED_RECOVERY_OBSERVED,
R046_P01,P01,SILENT,20260830,True,2026-08-29T19:17:11.392541+00:00,2026-08-29T19:17:11.348692+00:00,True,[OBC] PAYLOAD_TIMEOUT consecutive=1,2026-08-29T19:17:11.752631+00:00,406.0,True,2026-08-29T19:17:15.398092+00:00,2026-08-29T19:17:15.423077+00:00,True,2026-08-29T19:17:15.658642+00:00,250.0,False,DETECTED_RECOVERY_OBSERVED,
R047_P02,P02,BAD_CRC,20260830,True,2026-08-29T19:17:21.125309+00:00,2026-08-29T19:17:21.100310+00:00,True,[OBC] PAYLOAD_REJECT reason=CRC,2026-08-29T19:17:21.186819+00:00,94.0,True,2026-08-29T19:17:25.129916+00:00,2026-08-29T19:17:25.143915+00:00,True,2026-08-29T19:17:25.649333+00:00,531.0,False,DETECTED_RECOVERY_OBSERVED,
R048_P01,P01,SILENT,20260830,True,2026-08-29T19:17:30.031314+00:00,2026-08-29T19:17:29.968403+00:00,True,[OBC] PAYLOAD_TIMEOUT consecutive=1,2026-08-29T19:17:30.217920+00:00,250.0,True,2026-08-29T19:17:34.036079+00:00,2026-08-29T19:17:34.043652+00:00,True,2026-08-29T19:17:34.152300+00:00,125.0,False,DETECTED_RECOVERY_OBSERVED,
R049_P03,P03,DELAYED,20260830,True,2026-08-29T19:17:39.331232+00:00,2026-08-29T19:17:39.276790+00:00,True,[OBC] PAYLOAD_TIMEOUT consecutive=1,2026-08-29T19:17:39.721782+00:00,438.0,True,2026-08-29T19:17:43.337602+00:00,2026-08-29T19:17:43.405804+00:00,True,2026-08-29T19:17:43.627291+00:00,281.0,False,DETECTED_RECOVERY_OBSERVED,
R050_P01,P01,SILENT,20260830,True,2026-08-29T19:17:48.858844+00:00,2026-08-29T19:17:48.828527+00:00,True,[OBC] PAYLOAD_TIMEOUT consecutive=1,2026-08-29T19:17:49.190553+00:00,360.0,True,2026-08-29T19:17:52.863605+00:00,2026-08-29T19:17:52.869604+00:00,True,2026-08-29T19:17:53.059385+00:00,203.0,False,DETECTED_RECOVERY_OBSERVED,
R051_P03,P03,DELAYED,20260830,True,2026-08-29T19:17:58.131630+00:00,2026-08-29T19:17:58.096786+00:00,True,[OBC] PAYLOAD_TIMEOUT consecutive=1,2026-08-29T19:17:58.662590+00:00,562.0,True,2026-08-29T19:18:02.137348+00:00,2026-08-29T19:18:02.332362+00:00,True,2026-08-29T19:18:02.585415+00:00,437.0,False,DETECTED_RECOVERY_OBSERVED,
R052_P01,P01,SILENT,20260830,True,2026-08-29T19:18:08.039527+00:00,2026-08-29T19:18:08.011511+00:00,True,[OBC] PAYLOAD_TIMEOUT consecutive=1,2026-08-29T19:18:08.134285+00:00,125.0,True,2026-08-29T19:18:12.044278+00:00,2026-08-29T19:18:12.110828+00:00,True,2026-08-29T19:18:12.560992+00:00,516.0,False,DETECTED_RECOVERY_OBSERVED,
R053_P01,P01,SILENT,20260830,True,2026-08-29T19:18:17.436600+00:00,2026-08-29T19:18:17.415014+00:00,True,[OBC] PAYLOAD_TIMEOUT consecutive=1,2026-08-29T19:18:17.610824+00:00,188.0,True,2026-08-29T19:18:21.442154+00:00,2026-08-29T19:18:21.501510+00:00,True,2026-08-29T19:18:21.533344+00:00,93.0,False,DETECTED_RECOVERY_OBSERVED,
R054_P03,P03,DELAYED,20260830,True,2026-08-29T19:18:27.334263+00:00,2026-08-29T19:18:27.284889+00:00,True,[OBC] PAYLOAD_TIMEOUT consecutive=1,2026-08-29T19:18:27.585467+00:00,297.0,True,2026-08-29T19:18:31.340230+00:00,2026-08-29T19:18:31.404199+00:00,True,2026-08-29T19:18:31.513265+00:00,172.0,False,DETECTED_RECOVERY_OBSERVED,
R055_P01,P01,SILENT,20260830,True,2026-08-29T19:18:37.185587+00:00,2026-08-29T19:18:37.169532+00:00,True,[OBC] PAYLOAD_TIMEOUT consecutive=1,2026-08-29T19:18:37.564657+00:00,391.0,True,2026-08-29T19:18:41.191329+00:00,2026-08-29T19:18:41.252255+00:00,True,2026-08-29T19:18:41.486169+00:00,297.0,False,DETECTED_RECOVERY_OBSERVED,
R056_P02,P02,BAD_CRC,20260830,True,2026-08-29T19:18:46.583277+00:00,2026-08-29T19:18:46.547768+00:00,True,[OBC] PAYLOAD_REJECT reason=CRC,2026-08-29T19:18:46.992572+00:00,453.0,True,2026-08-29T19:18:50.589086+00:00,2026-08-29T19:18:50.650142+00:00,True,2026-08-29T19:18:50.981104+00:00,391.0,False,DETECTED_RECOVERY_OBSERVED,
R057_P02,P02,BAD_CRC,20260830,True,2026-08-29T19:18:55.547683+00:00,2026-08-29T19:18:55.511423+00:00,True,[OBC] PAYLOAD_REJECT reason=CRC,2026-08-29T19:18:55.969460+00:00,453.0,True,2026-08-29T19:18:59.552986+00:00,2026-08-29T19:18:59.564348+00:00,True,2026-08-29T19:18:59.922346+00:00,375.0,False,DETECTED_RECOVERY_OBSERVED,
R058_P03,P03,DELAYED,20260830,True,2026-08-29T19:19:05.033478+00:00,2026-08-29T19:19:05.023485+00:00,True,[OBC] PAYLOAD_TIMEOUT consecutive=1,2026-08-29T19:19:05.536041+00:00,500.0,True,2026-08-29T19:19:09.038539+00:00,2026-08-29T19:19:09.182239+00:00,True,2026-08-29T19:19:09.386403+00:00,360.0,False,DETECTED_RECOVERY_OBSERVED,
R059_P03,P03,DELAYED,20260830,True,2026-08-29T19:19:14.315578+00:00,2026-08-29T19:19:14.303073+00:00,True,[OBC] PAYLOAD_TIMEOUT consecutive=1,2026-08-29T19:19:14.486558+00:00,188.0,True,2026-08-29T19:19:18.320931+00:00,2026-08-29T19:19:18.386001+00:00,True,2026-08-29T19:19:18.417336+00:00,94.0,False,DETECTED_RECOVERY_OBSERVED,
R060_P01,P01,SILENT,20260830,True,2026-08-29T19:19:24.080946+00:00,2026-08-29T19:19:24.071945+00:00,True,[OBC] PAYLOAD_TIMEOUT consecutive=1,2026-08-29T19:19:24.477901+00:00,407.0,True,2026-08-29T19:19:28.087147+00:00,2026-08-29T19:19:28.103382+00:00,True,2026-08-29T19:19:28.400229+00:00,312.0,False,DETECTED_RECOVERY_OBSERVED,
R061_P03,P03,DELAYED,20260830,True,2026-08-29T19:19:33.180989+00:00,2026-08-29T19:19:33.131009+00:00,True,[OBC] PAYLOAD_TIMEOUT consecutive=1,2026-08-29T19:19:33.446917+00:00,328.0,True,2026-08-29T19:19:37.186935+00:00,2026-08-29T19:19:37.202210+00:00,True,2026-08-29T19:19:37.375013+00:00,187.0,False,DETECTED_RECOVERY_OBSERVED,
R062_P03,P03,DELAYED,20260830,True,2026-08-29T19:19:42.532896+00:00,2026-08-29T19:19:42.499933+00:00,True,[OBC] PAYLOAD_TIMEOUT consecutive=1,2026-08-29T19:19:42.925061+00:00,422.0,True,2026-08-29T19:19:46.538144+00:00,2026-08-29T19:19:46.617757+00:00,True,2026-08-29T19:19:46.856367+00:00,329.0,False,DETECTED_RECOVERY_OBSERVED,
R063_P02,P02,BAD_CRC,20260830,True,2026-08-29T19:19:51.957469+00:00,2026-08-29T19:19:51.913915+00:00,True,[OBC] PAYLOAD_REJECT reason=CRC,2026-08-29T19:19:52.352493+00:00,438.0,True,2026-08-29T19:19:55.962939+00:00,2026-08-29T19:19:55.971035+00:00,True,2026-08-29T19:19:56.332428+00:00,359.0,False,DETECTED_RECOVERY_OBSERVED,
R064_P02,P02,BAD_CRC,20260830,True,2026-08-29T19:20:00.858887+00:00,2026-08-29T19:20:00.849176+00:00,True,[OBC] PAYLOAD_REJECT reason=CRC,2026-08-29T19:20:01.311747+00:00,469.0,True,2026-08-29T19:20:04.864486+00:00,2026-08-29T19:20:04.883484+00:00,True,2026-08-29T19:20:05.276866+00:00,421.0,False,DETECTED_RECOVERY_OBSERVED,
R065_P02,P02,BAD_CRC,20260830,True,2026-08-29T19:20:10.657077+00:00,2026-08-29T19:20:10.618276+00:00,True,[OBC] PAYLOAD_REJECT reason=CRC,2026-08-29T19:20:10.815276+00:00,188.0,True,2026-08-29T19:20:14.663133+00:00,2026-08-29T19:20:14.670637+00:00,True,2026-08-29T19:20:14.764919+00:00,110.0,False,DETECTED_RECOVERY_OBSERVED,
R066_P02,P02,BAD_CRC,20260830,True,2026-08-29T19:20:20.361186+00:00,2026-08-29T19:20:20.353185+00:00,True,[OBC] PAYLOAD_REJECT reason=CRC,2026-08-29T19:20:20.787108+00:00,421.0,True,2026-08-29T19:20:24.367028+00:00,2026-08-29T19:20:24.394542+00:00,True,2026-08-29T19:20:24.757408+00:00,375.0,False,DETECTED_RECOVERY_OBSERVED,
R067_P01,P01,SILENT,20260830,True,2026-08-29T19:20:29.303719+00:00,2026-08-29T19:20:29.290579+00:00,True,[OBC] PAYLOAD_TIMEOUT consecutive=1,2026-08-29T19:20:29.853626+00:00,563.0,True,2026-08-29T19:20:33.309761+00:00,2026-08-29T19:20:33.325158+00:00,True,2026-08-29T19:20:33.702490+00:00,390.0,False,DETECTED_RECOVERY_OBSERVED,
R068_P01,P01,SILENT,20260830,True,2026-08-29T19:20:38.414528+00:00,2026-08-29T19:20:38.350093+00:00,True,[OBC] PAYLOAD_TIMEOUT consecutive=1,2026-08-29T19:20:38.803613+00:00,453.0,True,2026-08-29T19:20:42.423900+00:00,2026-08-29T19:20:42.477660+00:00,True,2026-08-29T19:20:42.742371+00:00,328.0,False,DETECTED_RECOVERY_OBSERVED,
R069_P01,P01,SILENT,20260830,True,2026-08-29T19:20:47.617714+00:00,2026-08-29T19:20:47.580358+00:00,True,[OBC] PAYLOAD_TIMEOUT consecutive=1,2026-08-29T19:20:47.791055+00:00,219.0,True,2026-08-29T19:20:51.623811+00:00,2026-08-29T19:20:51.640809+00:00,True,2026-08-29T19:20:51.703820+00:00,78.0,False,DETECTED_RECOVERY_OBSERVED,
R070_P03,P03,DELAYED,20260830,True,2026-08-29T19:20:56.784703+00:00,2026-08-29T19:20:56.744383+00:00,True,[OBC] PAYLOAD_TIMEOUT consecutive=1,2026-08-29T19:20:57.268918+00:00,516.0,True,2026-08-29T19:21:00.791436+00:00,2026-08-29T19:21:00.917043+00:00,True,2026-08-29T19:21:01.183975+00:00,391.0,False,DETECTED_RECOVERY_OBSERVED,
R071_P02,P02,BAD_CRC,20260830,True,2026-08-29T19:21:05.993133+00:00,2026-08-29T19:21:05.951225+00:00,True,[OBC] PAYLOAD_REJECT reason=CRC,2026-08-29T19:21:06.165572+00:00,219.0,True,2026-08-29T19:21:09.998443+00:00,2026-08-29T19:21:10.021269+00:00,True,2026-08-29T19:21:10.132015+00:00,125.0,False,DETECTED_RECOVERY_OBSERVED,
R072_P03,P03,DELAYED,20260830,True,2026-08-29T19:21:15.289891+00:00,2026-08-29T19:21:15.224584+00:00,True,[OBC] PAYLOAD_TIMEOUT consecutive=1,2026-08-29T19:21:15.715959+00:00,500.0,True,2026-08-29T19:21:19.297970+00:00,2026-08-29T19:21:19.366492+00:00,True,2026-08-29T19:21:19.602509+00:00,313.0,False,DETECTED_RECOVERY_OBSERVED,
R073_P02,P02,BAD_CRC,20260830,True,2026-08-29T19:21:24.502463+00:00,2026-08-29T19:21:24.456988+00:00,True,[OBC] PAYLOAD_REJECT reason=CRC,2026-08-29T19:21:24.643017+00:00,188.0,True,2026-08-29T19:21:28.509596+00:00,2026-08-29T19:21:28.568795+00:00,True,2026-08-29T19:21:28.630951+00:00,109.0,False,DETECTED_RECOVERY_OBSERVED,
R074_P03,P03,DELAYED,20260830,True,2026-08-29T19:21:34.132990+00:00,2026-08-29T19:21:34.084559+00:00,True,[OBC] PAYLOAD_TIMEOUT consecutive=1,2026-08-29T19:21:34.681839+00:00,610.0,True,2026-08-29T19:21:38.139486+00:00,2026-08-29T19:21:38.335501+00:00,True,2026-08-29T19:21:38.620062+00:00,484.0,False,DETECTED_RECOVERY_OBSERVED,
R075_P01,P01,SILENT,20260830,True,2026-08-29T19:21:43.742758+00:00,2026-08-29T19:21:43.707002+00:00,True,[OBC] PAYLOAD_TIMEOUT consecutive=1,2026-08-29T19:21:44.184536+00:00,485.0,True,2026-08-29T19:21:47.750174+00:00,2026-08-29T19:21:47.769529+00:00,True,2026-08-29T19:21:48.102115+00:00,360.0,False,DETECTED_RECOVERY_OBSERVED,
R076_P03,P03,DELAYED,20260830,True,2026-08-29T19:21:53.231745+00:00,2026-08-29T19:21:53.204747+00:00,True,[OBC] PAYLOAD_TIMEOUT consecutive=1,2026-08-29T19:21:53.656106+00:00,453.0,True,2026-08-29T19:21:57.238383+00:00,2026-08-29T19:21:57.284894+00:00,True,2026-08-29T19:21:57.535914+00:00,296.0,False,DETECTED_RECOVERY_OBSERVED,
R077_P03,P03,DELAYED,20260830,True,2026-08-29T19:22:02.096612+00:00,2026-08-29T19:22:02.081098+00:00,True,[OBC] PAYLOAD_TIMEOUT consecutive=1,2026-08-29T19:22:02.649994+00:00,578.0,True,2026-08-29T19:22:06.103499+00:00,2026-08-29T19:22:06.279022+00:00,True,2026-08-29T19:22:06.562557+00:00,453.0,False,DETECTED_RECOVERY_OBSERVED,
R078_P03,P03,DELAYED,20260830,True,2026-08-29T19:22:11.266601+00:00,2026-08-29T19:22:11.233486+00:00,True,[OBC] PAYLOAD_TIMEOUT consecutive=1,2026-08-29T19:22:11.592732+00:00,359.0,True,2026-08-29T19:22:15.278584+00:00,2026-08-29T19:22:15.343255+00:00,True,2026-08-29T19:22:15.530547+00:00,250.0,False,DETECTED_RECOVERY_OBSERVED,
R079_P01,P01,SILENT,20260830,True,2026-08-29T19:22:21.127307+00:00,2026-08-29T19:22:21.060184+00:00,True,[OBC] PAYLOAD_TIMEOUT consecutive=1,2026-08-29T19:22:21.582319+00:00,515.0,True,2026-08-29T19:22:25.133149+00:00,2026-08-29T19:22:25.159032+00:00,True,2026-08-29T19:22:25.522159+00:00,375.0,False,DETECTED_RECOVERY_OBSERVED,
R080_P02,P02,BAD_CRC,20260830,True,2026-08-29T19:22:30.068750+00:00,2026-08-29T19:22:30.035746+00:00,True,[OBC] PAYLOAD_REJECT reason=CRC,2026-08-29T19:22:30.508178+00:00,485.0,True,2026-08-29T19:22:34.075658+00:00,2026-08-29T19:22:34.093658+00:00,True,2026-08-29T19:22:34.471186+00:00,391.0,False,DETECTED_RECOVERY_OBSERVED,
R081_P03,P03,DELAYED,20260830,True,2026-08-29T19:22:39.697821+00:00,2026-08-29T19:22:39.679821+00:00,True,[OBC] PAYLOAD_TIMEOUT consecutive=1,2026-08-29T19:22:40.076384+00:00,390.0,True,2026-08-29T19:22:43.704841+00:00,2026-08-29T19:22:43.715981+00:00,True,2026-08-29T19:22:43.933651+00:00,235.0,False,DETECTED_RECOVERY_OBSERVED,
R082_P01,P01,SILENT,20260830,True,2026-08-29T19:22:48.751704+00:00,2026-08-29T19:22:48.714289+00:00,True,[OBC] PAYLOAD_TIMEOUT consecutive=1,2026-08-29T19:22:49.046148+00:00,328.0,True,2026-08-29T19:22:52.758110+00:00,2026-08-29T19:22:52.767109+00:00,True,2026-08-29T19:22:52.908296+00:00,140.0,False,DETECTED_RECOVERY_OBSERVED,
R083_P01,P01,SILENT,20260830,True,2026-08-29T19:22:58.055805+00:00,2026-08-29T19:22:58.011408+00:00,True,[OBC] PAYLOAD_TIMEOUT consecutive=1,2026-08-29T19:22:58.532425+00:00,515.0,True,2026-08-29T19:23:02.062918+00:00,2026-08-29T19:23:02.073672+00:00,True,2026-08-29T19:23:02.436307+00:00,375.0,False,DETECTED_RECOVERY_OBSERVED,
R084_P01,P01,SILENT,20260830,True,2026-08-29T19:23:07.490110+00:00,2026-08-29T19:23:07.438602+00:00,True,[OBC] PAYLOAD_TIMEOUT consecutive=1,2026-08-29T19:23:08.008841+00:00,578.0,True,2026-08-29T19:23:11.497476+00:00,2026-08-29T19:23:11.504549+00:00,True,2026-08-29T19:23:11.915739+00:00,422.0,False,DETECTED_RECOVERY_OBSERVED,
R085_P02,P02,BAD_CRC,20260830,True,2026-08-29T19:23:16.851116+00:00,2026-08-29T19:23:16.810258+00:00,True,[OBC] PAYLOAD_REJECT reason=CRC,2026-08-29T19:23:16.896728+00:00,78.0,True,2026-08-29T19:23:20.858094+00:00,2026-08-29T19:23:20.868093+00:00,True,2026-08-29T19:23:21.390893+00:00,531.0,False,DETECTED_RECOVERY_OBSERVED,
R086_P02,P02,BAD_CRC,20260830,True,2026-08-29T19:23:25.774150+00:00,2026-08-29T19:23:25.710684+00:00,True,[OBC] PAYLOAD_REJECT reason=CRC,2026-08-29T19:23:25.884210+00:00,172.0,True,2026-08-29T19:23:29.781259+00:00,2026-08-29T19:23:29.814937+00:00,True,2026-08-29T19:23:29.862377+00:00,79.0,False,DETECTED_RECOVERY_OBSERVED,
R087_P02,P02,BAD_CRC,20260830,True,2026-08-29T19:23:35.091298+00:00,2026-08-29T19:23:35.064298+00:00,True,[OBC] PAYLOAD_REJECT reason=CRC,2026-08-29T19:23:35.361129+00:00,297.0,True,2026-08-29T19:23:39.099518+00:00,2026-08-29T19:23:39.113517+00:00,True,2026-08-29T19:23:39.317644+00:00,219.0,False,DETECTED_RECOVERY_OBSERVED,
R088_P03,P03,DELAYED,20260830,True,2026-08-29T19:23:43.958297+00:00,2026-08-29T19:23:43.940016+00:00,True,[OBC] PAYLOAD_TIMEOUT consecutive=1,2026-08-29T19:23:44.427298+00:00,484.0,True,2026-08-29T19:23:47.964703+00:00,2026-08-29T19:23:48.033654+00:00,True,2026-08-29T19:23:48.330443+00:00,359.0,False,DETECTED_RECOVERY_OBSERVED,
R089_P03,P03,DELAYED,20260830,True,2026-08-29T19:23:53.196606+00:00,2026-08-29T19:23:53.132098+00:00,True,[OBC] PAYLOAD_TIMEOUT consecutive=1,2026-08-29T19:23:53.399348+00:00,281.0,True,2026-08-29T19:23:57.203756+00:00,2026-08-29T19:23:57.214759+00:00,True,2026-08-29T19:23:57.308101+00:00,110.0,False,DETECTED_RECOVERY_OBSERVED,
R090_P02,P02,BAD_CRC,20260830,True,2026-08-29T19:24:02.190744+00:00,2026-08-29T19:24:02.166204+00:00,True,[OBC] PAYLOAD_REJECT reason=CRC,2026-08-29T19:24:02.253180+00:00,78.0,True,2026-08-29T19:24:06.197358+00:00,2026-08-29T19:24:06.223370+00:00,True,2026-08-29T19:24:06.284877+00:00,78.0,False,DETECTED_RECOVERY_OBSERVED,
