repository_path,bundle_path,byte_count,sha256
demo-payload/src/HostModeCommandParser.hpp,untracked_source_copies/demo-payload/src/HostModeCommandParser.hpp,2194,8E6F973F29B5E7D6C7277CCD826D8598CB048EBFFB557F5BC61070D7E821110E
demo-payload/test/test_host_mode_command/test_main.cpp,untracked_source_copies/demo-payload/test/test_host_mode_command/test_main.cpp,3950,F4E346BEA94A124CA775E4D88184FD185DBB2A999847F65E8AD59CA138330010
research/icsec2026/NEXT_TASK.md,untracked_source_copies/research/icsec2026/NEXT_TASK.md,2064,66D35A9EBE7C87D6CF2B6DC875DEE0C6D6AC5F628324F0E3F743A792BD17F6A9
research/icsec2026/SESSION_STATE.md,untracked_source_copies/research/icsec2026/SESSION_STATE.md,22301,390B5114EDB0EF4C842E758B6D91126C1283562BE99BDD9A74283FFD58C7896D
research/icsec2026/injector/requirements.txt,untracked_source_copies/research/icsec2026/injector/requirements.txt,17,95FDAD543F34E4A191CD17219E1A73B4AB4B0B5AD9806A25C3B49E7B48AB8CA0
research/icsec2026/injector/run_payload_campaign.py,untracked_source_copies/research/icsec2026/injector/run_payload_campaign.py,21351,106AE0872BB9CEDDFD439AAB9A70C94E35F34F26EF5305BE18C26E745C5E3B2C
research/icsec2026/injector/run_n0_control.py,untracked_source_copies/research/icsec2026/injector/run_n0_control.py,8517,1BE5BD7E398AC5C5487044407307E18593F353064FA8EB20900CB78AFF706200
research/icsec2026/injector/summarize_payload_campaign.py,untracked_source_copies/research/icsec2026/injector/summarize_payload_campaign.py,14011,09D760B82716AB74991E7B35323E120A421423AD3B160DBE4DC9FA1B043EEDC8
research/icsec2026/injector/create_sha256_inventory.py,untracked_source_copies/research/icsec2026/injector/create_sha256_inventory.py,2618,54244D7A1231C4E687FB310B934960A65226A3A6D952EBFEDF992F30707A0211
research/icsec2026/injector/test_run_payload_campaign.py,untracked_source_copies/research/icsec2026/injector/test_run_payload_campaign.py,2730,57034EC706B4291FDD4481E4A4183E449488C3390F6D554F88668031E3C9D689
research/icsec2026/injector/test_n0_control.py,untracked_source_copies/research/icsec2026/injector/test_n0_control.py,2181,5C3CACBE41ED737722E23C4E098C2DB1B00F0D3677917058C89E31BBF337369B
research/icsec2026/injector/test_campaign_summary.py,untracked_source_copies/research/icsec2026/injector/test_campaign_summary.py,1558,BC2B422F0810601665828365B4BEF1BDB4AE04FC672861045FA283F3FC8787BA
research/icsec2026/injector/test_sha256_inventory.py,untracked_source_copies/research/icsec2026/injector/test_sha256_inventory.py,1430,0EEE8B8DE3E27F2553FC8A55157FFE64959B1E73B0520E46753802B15362A4A0
