sha256,size,path
C1AEBD73C6614EDE1B3DEE08ACAEB54BF7A68F20B4B1A6D00D8820529BB6752B,232,research/icsec2026/extension/evidence/replication_g431b_20260830_seed20260830_b3/backup_record.json
CBA0951E7E710E61F780E80C18FFC93000264FCC38A685FD77960B9CB7BC9743,315,research/icsec2026/extension/evidence/replication_g431b_20260830_seed20260830_b3/configuration.json
93737EDC8BD55EA23A144FC1B8D4FE0B3DD5ABF07200FE5162DC4997EC873897,4238,research/icsec2026/extension/evidence/replication_g431b_20260830_seed20260830_b3/descriptive_cross_controller_summary.json
235B6FDA1AA4A287E09FDBB91BBBB15732C46F8B7C7DFB247D5D85FD98322F7A,1622,research/icsec2026/extension/evidence/replication_g431b_20260830_seed20260830_b3/FINAL_MANIFEST.json
BC54880A9DEA32ADA261D37A80A500B1303733487A0B6C3B57272C01E0EA8F77,861,research/icsec2026/extension/evidence/replication_g431b_20260830_seed20260830_b3/final_validation.json
6515796C07D37C19E21B0104B477EA4C6451B66A995EBEF6510725764441E727,20256,research/icsec2026/extension/evidence/replication_g431b_20260830_seed20260830_b3/firmware/g431_b_application.bin
FE591BF7292AD0D40F8FEE4AF5779118AE0D0083FF362F5BE9CCB156ADFE619E,4032,research/icsec2026/extension/evidence/replication_g431b_20260830_seed20260830_b3/firmware/g431_b_bootloader.bin
5581492429080BD58177A37733981ABA12DA6074BA40EAC0157B86E027B479E7,8944,research/icsec2026/extension/evidence/replication_g431b_20260830_seed20260830_b3/firmware/g474_a_payload.bin
80BA6980A64A31193887E2CBC30CD473B3007CDC45485D88ACDF17235153F1D5,2988,research/icsec2026/extension/evidence/replication_g431b_20260830_seed20260830_b3/manifest.json
B7BA34C014A4C8765B0AB1F881498CB6B16C4D33609BA9BE4909A40C6601CBCC,7132,research/icsec2026/extension/evidence/replication_g431b_20260830_seed20260830_b3/raw/campaign/RB001_B1_D100/g431.log
F7206ACF6413CAFE58ADE791B2252CD7FD62CE272BA45BF5A308EBE9C35264A7,466,research/icsec2026/extension/evidence/replication_g431b_20260830_seed20260830_b3/raw/campaign/RB001_B1_D100/g474.log
DA7C6245803842942EBAA321716EA4DA9DA68115D0617F687FB0341D4FF101AD,7588,research/icsec2026/extension/evidence/replication_g431b_20260830_seed20260830_b3/raw/campaign/RB002_B1_D090/g431.log
316E6723E94E7C521F548B9A55F2136DDCA900E1E7B1851EE79823C043D54773,463,research/icsec2026/extension/evidence/replication_g431b_20260830_seed20260830_b3/raw/campaign/RB002_B1_D090/g474.log
404144605BC8D4817DD7FC3DE3AD18A285DB1D93344DA8789269C92CECDC937D,7258,research/icsec2026/extension/evidence/replication_g431b_20260830_seed20260830_b3/raw/campaign/RB003_B1_D110/g431.log
6C1BC1F6114AA53C0E6A3B61118D477BF44E66C082BB27B3EAD907266BB05586,466,research/icsec2026/extension/evidence/replication_g431b_20260830_seed20260830_b3/raw/campaign/RB003_B1_D110/g474.log
E1EE5537A5F9BA2DD082FA255B975C4BE8022B25D7DD2E759112A630706E5508,7687,research/icsec2026/extension/evidence/replication_g431b_20260830_seed20260830_b3/raw/campaign/RB004_B1_NC/g431.log
2E6DDD3CE69E6E160FD679D55BB183B2448E672A6BDD0AA812B43ACE50416C6C,424,research/icsec2026/extension/evidence/replication_g431b_20260830_seed20260830_b3/raw/campaign/RB004_B1_NC/g474.log
76DFC0D66D90D5DBB9910710052E1C0BB0A619B59F0A1FD8D7F9FD7531B55F92,7581,research/icsec2026/extension/evidence/replication_g431b_20260830_seed20260830_b3/raw/campaign/RB005_B2_D090/g431.log
F03DF5940439CFFE30F8C34FC92DD7CF913A9F2D9E4A2276DAE6B2326D914B05,463,research/icsec2026/extension/evidence/replication_g431b_20260830_seed20260830_b3/raw/campaign/RB005_B2_D090/g474.log
4F6153279EC5F17FF8B8C3A79B133A62CF947878506E49EE36CD669681D38C23,7276,research/icsec2026/extension/evidence/replication_g431b_20260830_seed20260830_b3/raw/campaign/RB006_B2_D110/g431.log
2481B642654FB1FA88AA27417C9D54B3FC1A93C35EA680B293F77A6AA97BD362,466,research/icsec2026/extension/evidence/replication_g431b_20260830_seed20260830_b3/raw/campaign/RB006_B2_D110/g474.log
2B5D8D5F97E3EE4E45E269BED1F445F82E78F0A27A46FECF23BE3E3AEF99DB1F,7276,research/icsec2026/extension/evidence/replication_g431b_20260830_seed20260830_b3/raw/campaign/RB007_B2_D100/g431.log
68299E6EE01BB891E45A89646A87FC2438E2295EB1C06B5B2C75AC513ADA0F20,466,research/icsec2026/extension/evidence/replication_g431b_20260830_seed20260830_b3/raw/campaign/RB007_B2_D100/g474.log
ABFC74F16A177E11FF2B9A41E5B9133FFC4EA314DBA7A5235AED4A8E54637AC3,7687,research/icsec2026/extension/evidence/replication_g431b_20260830_seed20260830_b3/raw/campaign/RB008_B2_NC/g431.log
77C3C09100944BDBEEC0CC6424CB1CD93450893AECF2E76D8AEEBC0E4CC8D02B,424,research/icsec2026/extension/evidence/replication_g431b_20260830_seed20260830_b3/raw/campaign/RB008_B2_NC/g474.log
151E29CBF8DCAA603CFA6C836131279B0C6AA44424B942D2E09BED02929DA5EE,7687,research/icsec2026/extension/evidence/replication_g431b_20260830_seed20260830_b3/raw/campaign/RB009_B3_NC/g431.log
D9B15D00A18DCE71C26259981A2A9C3D2CF8FD6455A5B796D40E66D221CADC85,424,research/icsec2026/extension/evidence/replication_g431b_20260830_seed20260830_b3/raw/campaign/RB009_B3_NC/g474.log
C5DFDDFA1F90F53EB45087DF3B6928A19C0F4D996A8285E9DCCB1269B44CE69B,7581,research/icsec2026/extension/evidence/replication_g431b_20260830_seed20260830_b3/raw/campaign/RB010_B3_D090/g431.log
39C256A75E57AD459475D05CC06F5F756CE5FEEB1A3B74B6D1672CA2B1AD6597,463,research/icsec2026/extension/evidence/replication_g431b_20260830_seed20260830_b3/raw/campaign/RB010_B3_D090/g474.log
5CF3C65B0115C902A88FD3084C0922106A997123C93BE888A730F14ABD1F9378,7276,research/icsec2026/extension/evidence/replication_g431b_20260830_seed20260830_b3/raw/campaign/RB011_B3_D110/g431.log
8824ACC68EEBAB5526A6713AC9FB9AD94A4AD43E7F37C5BC32A2234B7EEA2A42,466,research/icsec2026/extension/evidence/replication_g431b_20260830_seed20260830_b3/raw/campaign/RB011_B3_D110/g474.log
93803FA9179EC06B964B74EF88DA205C83F95379F46C8869DD44C97D163DEDEE,7276,research/icsec2026/extension/evidence/replication_g431b_20260830_seed20260830_b3/raw/campaign/RB012_B3_D100/g431.log
0A49B3FCBFEB0A59CC5D48C2353744EFB411F4B0411BCFDCF00A07C87873719B,466,research/icsec2026/extension/evidence/replication_g431b_20260830_seed20260830_b3/raw/campaign/RB012_B3_D100/g474.log
FAF02757B7A03CE7A2CE2471BF329DD12B469B2A3FCE3068211B1FFB1A3A3391,1263,research/icsec2026/extension/evidence/replication_g431b_20260830_seed20260830_b3/raw/flash/g431_b_application_openocd.log
D63C5A07B58B98522DFDA78FF32DEB697A0C0C385654E09FA5C9C7ED049B266B,1530,research/icsec2026/extension/evidence/replication_g431b_20260830_seed20260830_b3/raw/flash/g431_b_bootloader_openocd.log
7C83BF9E726BC88339758C154613F4449AFAA43D38DBCCA012F9806463471808,3082,research/icsec2026/extension/evidence/replication_g431b_20260830_seed20260830_b3/raw/readiness/LINK_GATE_001/g431.log
0D6A15BB77046C004A38A30394AECEB84263C0E9887C6BAE043C1D42E5C3B57C,106,research/icsec2026/extension/evidence/replication_g431b_20260830_seed20260830_b3/raw/readiness/LINK_GATE_001/g474.log
45A52EEEC7EC45F63E93D1B6D2CA5098B4F36C8F4B84B6EC6DA69DC28B3051AD,985,research/icsec2026/extension/evidence/replication_g431b_20260830_seed20260830_b3/readiness_validation.json
C7CA18C08499920764A22777F036F1CA8E6CD181FB900B3BA51BF313962BFA4E,51016,research/icsec2026/extension/evidence/replication_g431b_20260830_seed20260830_b3/results.json
F870E8DE1BAEF7E0B508D4BD6C369CA1CBC50E68FABFFF2E04665585CAF79927,1495,research/icsec2026/extension/evidence/replication_g431b_20260830_seed20260830_b3/results_ledger.csv
D631AC024CA033EA47FA340921549D56FA845A79784599D14938225015E6A901,431,research/icsec2026/extension/evidence/replication_g431b_20260830_seed20260830_b3/run_plan.csv
040CEE25D3FA0CF623DF7F760A5774D8356B220CE9750F96FF09EED7F3B20AA2,818,research/icsec2026/extension/evidence/replication_g431b_20260830_seed20260830_b3/source_state.json
