sha256,size_bytes,path
5D504CAE1C4B5FD19BEA32D41A3C40A48DF2AB95489602D2303DE801D42AA43E,8247,research/icsec2026/provenance/20260830_023830/PROVENANCE.md
DFF4E40082D2232912C756569574A66DF307211798515E41D04766C4CF9BFDB7,1121,research/icsec2026/provenance/20260830_023830/comparisons/g431_application_rebuild.json
335933C486182E135E251BAF46BD6E225ABF5DD551FB6645C2B2483D3EB0529F,140,research/icsec2026/provenance/20260830_023830/comparisons/g431_application_rebuild_differences.csv
61CEF5D99EAFF30BC727EBD5D74FFE38471440BAA9517099F5838A23E60D2AC2,1120,research/icsec2026/provenance/20260830_023830/comparisons/g431_bootloader_rebuild.json
335933C486182E135E251BAF46BD6E225ABF5DD551FB6645C2B2483D3EB0529F,140,research/icsec2026/provenance/20260830_023830/comparisons/g431_bootloader_rebuild_differences.csv
29643B892C96CE684CF5BD3F8045ACF32E5D2CCB95F4706A6644F5B638E24FED,1117,research/icsec2026/provenance/20260830_023830/comparisons/g474_packaged_application.json
335933C486182E135E251BAF46BD6E225ABF5DD551FB6645C2B2483D3EB0529F,140,research/icsec2026/provenance/20260830_023830/comparisons/g474_packaged_application_differences.csv
6FB16D83581438EFE28C2B3EA1407C193B78D2C69E59498E9371B86215140F23,780,research/icsec2026/provenance/20260830_023830/flash/g431_flash_capture.json
9D7B9B1439DCA29D434E768237BC78D5BE6737CAF481046C69B90ABA87A3BA1D,131072,research/icsec2026/provenance/20260830_023830/flash/g431_full_flash_0x08000000_0x20000.bin
22767693BB893D802CCB10E256F7D9E326F3AD94D52BD6F1EA0E4151AFC44AB4,813,research/icsec2026/provenance/20260830_023830/flash/g431_openocd_read.log
CE5341ECED809194F67969252B1DF7ADF516762FA4B43CC501C632EF6BAE348F,780,research/icsec2026/provenance/20260830_023830/flash/g474_flash_capture.json
0DC52660B6AD976BE217387791C554AD45CAE9ACE1D8C6BF265C3972B521A4E1,524288,research/icsec2026/provenance/20260830_023830/flash/g474_full_flash_0x08000000_0x80000.bin
2C4F497309F79DEBEF110AB203BC2F023C7FFFBC93A0FEC9076667CF9AA3A347,811,research/icsec2026/provenance/20260830_023830/flash/g474_openocd_read.log
106E9AA3723571ACBCBB52049046436084EF028C78F615F529BE45EEDC1F8B1B,591,research/icsec2026/provenance/20260830_023830/flash_layout/g431_after_application.json
E3DA5A361414CCE51D6D67AD465EBDC06B5BA91B97CEAD4C9668D63ED372C0EB,67,research/icsec2026/provenance/20260830_023830/flash_layout/g431_after_application_non_ff_ranges.csv
64A185DC456369B145CC3784C3C3FA81EDB912A6D5F2233A9D236B8CEEBB55AD,603,research/icsec2026/provenance/20260830_023830/flash_layout/g431_gap.json
3A98229A2DC2AF0CC1DC6F222212D63A076B290222C5EB91D02B07A89D6572AE,161,research/icsec2026/provenance/20260830_023830/flash_layout/g431_gap_non_ff_ranges.csv
8D678EA20D648789323D838A247543858151E566C2B4FD9D48CD8532A60E16BC,608,research/icsec2026/provenance/20260830_023830/flash_layout/g474_after_application.json
8143209112820D9A101B98D3EB4D8DA5259FA09BE87702898E72EC3945CC5428,46827,research/icsec2026/provenance/20260830_023830/flash_layout/g474_after_application_non_ff_ranges.csv
242C4E541F12E34E3E5C4E8609054924548356F0D13BAF7C279521C37F0980B6,11803,research/icsec2026/provenance/20260830_023830/rebuild/g431_application/build.log
B919C79FA554C53E554755986F6EE5842283F0DB8DF14767E225A03158B579E3,1096,research/icsec2026/provenance/20260830_023830/rebuild/g431_application/build_report.json
7C2C1B646AF312AB6766423D2BC228A5F11CFFB5F9B4BA23521D4610029DFE7F,20020,research/icsec2026/provenance/20260830_023830/rebuild/g431_application/firmware.bin
AFC717C4583635AA9B0918A40D369A0C9580308B158B530DBB6FE3B752EA9FDC,92164,research/icsec2026/provenance/20260830_023830/rebuild/g431_application/firmware.elf
9512F41DBF581B0B4D94D43366359D889D70C56261F5054AD1588D0E774C6D6B,11045,research/icsec2026/provenance/20260830_023830/rebuild/g431_bootloader/build.log
0973CA8F83046F5B00845C29611EAE2BAA2F124A205173037AE3792962FA231D,1114,research/icsec2026/provenance/20260830_023830/rebuild/g431_bootloader/build_report.json
20FB03F428C980A5D0907E1889AFBA1777B11C6BA5AEA1744F0E716DA1AFA44D,4032,research/icsec2026/provenance/20260830_023830/rebuild/g431_bootloader/firmware.bin
8392936F155D064F1FDE95AE5F548E13522B7BF47510DB22A0CE7773BAA52687,141604,research/icsec2026/provenance/20260830_023830/rebuild/g431_bootloader/firmware.elf
9B91CE03BA0245B8D30AB3ED876E5058FAA1D4FB25371D7528130CF0AF5F3167,3131,research/icsec2026/provenance/20260830_023830/scripts/analyze_flash_region.py
7D93E485CFD6CCFB3B0205CAB8B56B08339CC27008097F91CB00484B5D4778A3,1825,research/icsec2026/provenance/20260830_023830/scripts/collect_package_lists_utf8.py
A154CEF1A3F482D2138C36CD49603F3D84D1B6EA774657E66353FD8F5C34AD9E,2392,research/icsec2026/provenance/20260830_023830/scripts/collect_selected_toolchain.py
B34A8E544469A2FB0D9F2F7A6175A93EF58005F315B68EC888FFE7E576ABA354,5268,research/icsec2026/provenance/20260830_023830/scripts/collect_toolchain.py
54B511C13A60F2CD23D84CBD8D21ED3F87D34830DCAB2D01844593E417D91A19,4882,research/icsec2026/provenance/20260830_023830/scripts/compare_binary_region.py
6A283B6FBFCEA6736D3CC8356DF5921BABA2236275FD29D11705B0652C5C16AB,4168,research/icsec2026/provenance/20260830_023830/scripts/freeze_source_state.py
8CEDA5A99E52A06333CD60DD8B5B29A34853FC2F20FC1FA29A73B4F79BD4921E,4065,research/icsec2026/provenance/20260830_023830/scripts/readonly_flash_capture.py
367428780F482EF70310C714C0795387BB1C50969C2DE9B6D80595EF191C4294,3659,research/icsec2026/provenance/20260830_023830/scripts/rebuild_capture.py
61B3175EDD9F5AF618BC1B1E0387BFEF14FDBBCD759A95D1B1AB2B35EF5389DB,97,research/icsec2026/provenance/20260830_023830/source_state/commit.json
76905E373257F7C46CEC707731A9112F19017E5EE0CD6D18CCFABD868F02261E,4247,research/icsec2026/provenance/20260830_023830/source_state/git_status_porcelain_v1.txt
26BACAECBA6C1819A1E7E2ABA0E8D051343E2CC7CA4E345A80EF90C1A89517E1,408,research/icsec2026/provenance/20260830_023830/source_state/source_state_report.json
E3B0C44298FC1C149AFBF4C8996FB92427AE41E4649B934CA495991B7852B855,0,research/icsec2026/provenance/20260830_023830/source_state/staged.patch
108ACCECB59F4262B4FFB6BB4BD361FFE0677FE4CC09DA91F7C95049F573D094,5155,research/icsec2026/provenance/20260830_023830/source_state/tracked_files.txt
B358575E947380405330C0743136FCBD494CBEB736D8DE4AB3200D82A536DD81,4580,research/icsec2026/provenance/20260830_023830/source_state/tracked_worktree.patch
8E6F973F29B5E7D6C7277CCD826D8598CB048EBFFB557F5BC61070D7E821110E,2194,research/icsec2026/provenance/20260830_023830/source_state/untracked_source_copies/demo-payload/src/HostModeCommandParser.hpp
F4E346BEA94A124CA775E4D88184FD185DBB2A999847F65E8AD59CA138330010,3950,research/icsec2026/provenance/20260830_023830/source_state/untracked_source_copies/demo-payload/test/test_host_mode_command/test_main.cpp
66D35A9EBE7C87D6CF2B6DC875DEE0C6D6AC5F628324F0E3F743A792BD17F6A9,2064,research/icsec2026/provenance/20260830_023830/source_state/untracked_source_copies/research/icsec2026/NEXT_TASK.md
390B5114EDB0EF4C842E758B6D91126C1283562BE99BDD9A74283FFD58C7896D,22301,research/icsec2026/provenance/20260830_023830/source_state/untracked_source_copies/research/icsec2026/SESSION_STATE.md
54244D7A1231C4E687FB310B934960A65226A3A6D952EBFEDF992F30707A0211,2618,research/icsec2026/provenance/20260830_023830/source_state/untracked_source_copies/research/icsec2026/injector/create_sha256_inventory.py
95FDAD543F34E4A191CD17219E1A73B4AB4B0B5AD9806A25C3B49E7B48AB8CA0,17,research/icsec2026/provenance/20260830_023830/source_state/untracked_source_copies/research/icsec2026/injector/requirements.txt
1BE5BD7E398AC5C5487044407307E18593F353064FA8EB20900CB78AFF706200,8517,research/icsec2026/provenance/20260830_023830/source_state/untracked_source_copies/research/icsec2026/injector/run_n0_control.py
106AE0872BB9CEDDFD439AAB9A70C94E35F34F26EF5305BE18C26E745C5E3B2C,21351,research/icsec2026/provenance/20260830_023830/source_state/untracked_source_copies/research/icsec2026/injector/run_payload_campaign.py
09D760B82716AB74991E7B35323E120A421423AD3B160DBE4DC9FA1B043EEDC8,14011,research/icsec2026/provenance/20260830_023830/source_state/untracked_source_copies/research/icsec2026/injector/summarize_payload_campaign.py
BC2B422F0810601665828365B4BEF1BDB4AE04FC672861045FA283F3FC8787BA,1558,research/icsec2026/provenance/20260830_023830/source_state/untracked_source_copies/research/icsec2026/injector/test_campaign_summary.py
5C3CACBE41ED737722E23C4E098C2DB1B00F0D3677917058C89E31BBF337369B,2181,research/icsec2026/provenance/20260830_023830/source_state/untracked_source_copies/research/icsec2026/injector/test_n0_control.py
57034EC706B4291FDD4481E4A4183E449488C3390F6D554F88668031E3C9D689,2730,research/icsec2026/provenance/20260830_023830/source_state/untracked_source_copies/research/icsec2026/injector/test_run_payload_campaign.py
0EEE8B8DE3E27F2553FC8A55157FFE64959B1E73B0520E46753802B15362A4A0,1430,research/icsec2026/provenance/20260830_023830/source_state/untracked_source_copies/research/icsec2026/injector/test_sha256_inventory.py
6162BFF8084A9965B052FDC651137C65B57ED9912FEE8B39D5E608378486E6D1,2547,research/icsec2026/provenance/20260830_023830/source_state/untracked_source_inventory.csv
2EF517C4B0A4429A18798B40B6E835C8C075AAB057061A5D1174D0A540395CE6,16958,research/icsec2026/provenance/20260830_023830/toolchain/command_versions.json
A20E66D59A524D2500AA1F14E63ADD760F87EF5B80E64AE05ED9FE505A141A8E,1311,research/icsec2026/provenance/20260830_023830/toolchain/executable_hashes.json
9552EC09F4AE176A5CAB89477304F133D20581B37CFA17FC436FC572C5E96F4A,371,research/icsec2026/provenance/20260830_023830/toolchain/host.json
FD670C28DEB76908A31A95AF4B948FD4CD1261114985FC12D57D026BE02634A0,20577,research/icsec2026/provenance/20260830_023830/toolchain/package_lists_utf8.json
8C4A890EE07CEEE4A13E79E9BA0CF2679F464DF5917594549A0E7BC716BD0871,11703,research/icsec2026/provenance/20260830_023830/toolchain/package_metadata/01_ststm32_platform.json
D2956328E7F071EFCD4EE3646B3795B42AFABC94674558C5D25AD61408E10AC1,543,research/icsec2026/provenance/20260830_023830/toolchain/package_metadata/02_framework-stm32cubeg4_package.json
7382239FD97C7BFA3D7821659E9C6828527184F7EC8592F80B54D5DA35DB4CEE,495,research/icsec2026/provenance/20260830_023830/toolchain/package_metadata/03_toolchain-gccarmnoneeabi_package.json
C5E67FA399DFEF4D2646800C923C2B6F8BA272D3DA65D441EA7FE24C3D00EBC0,555,research/icsec2026/provenance/20260830_023830/toolchain/package_metadata/04_tool-openocd_package.json
C907FC8FAC4C217FCBAF759FAEE704F2D9B8790402D4770577D6AD4B845F6331,1202,research/icsec2026/provenance/20260830_023830/toolchain/package_metadata_index.json
44A60E541B241266D5582584425E3077B93693C66CD921F0D6BF9B405CEA0995,3320,research/icsec2026/provenance/20260830_023830/toolchain/selected_build_toolchain_1.70201.0.json
